processed_message,target
go jurong point crazi avail bugi n great world la e buffet cine got amor wat,0
ok lar joke wif u oni,0
free entri wkli comp win fa cup final tkt st may text fa receiv entri questionstd txt ratetc appli,1
u dun say earli hor u c alreadi say,0
nah dont think goe usf live around though,0
freemsg hey darl week word back id like fun still tb ok xxx std chg send å£ rcv,1
even brother like speak treat like aid patent,0
per request mell mell oru minnaminungint nurungu vettam set callertun caller press copi friend callertun,0
winner valu network custom select receivea å£ prize reward claim call claim code kl valid hour,1
mobil month u r entitl updat latest colour mobil camera free call mobil updat co free,1
im gon na home soon dont want talk stuff anymor tonight k ive cri enough today,0
six chanc win cash pound txt csh send cost pday day tsandc appli repli hl info,1
urgent week free membership å£ prize jackpot txt word claim tc lccltd pobox ldnw rw,1
ive search right word thank breather promis wont take help grant fulfil promis wonder bless time,0
date sunday,0
xxxmobilemovieclub use credit click wap link next txt messag click xxxmobilemovieclubcomnqjkgighjjgcbl,1
oh kim watch,0
eh u rememb spell name ye v naughti make v wet,0
fine thatåõ way u feel thatåõ way gota b,0
england v macedonia dont miss goalsteam news txt ur nation team eg england trywal scotland txtì¼ poboxox w wq,1
serious spell name,0
iû÷m go tri month ha ha joke,0
ì pay first lar da stock comin,0
aft finish lunch go str lor ard smth lor u finish ur lunch alreadi,0
ffffffffff alright way meet sooner,0
forc eat slice im realli hungri tho suck mark get worri know im sick turn pizza lol,0
lol alway convinc,0
catch bu fri egg make tea eat mom left dinner feel love,0
im back amp pack car ill let know there room,0
ahhh work vagu rememb feel like lol,0
wait that still clear sure sarcast that x doesnt want live us,0
yeah got v apologet n fallen actin like spoilt child got caught till wont go badli cheer,0
k tell anyth,0
fear faint housework quick cuppa,0
thank subscript rington uk mobil charg å£ month pleas confirm repli ye repli charg,1
yup ok go home look time msg ì xuhui go learn nd may lesson,0
oop ill let know roommat done,0
see letter b car,0
anyth lor u decid,0
hello how saturday go text see youd decid anyth tomo im tri invit anyth,0
pl go ahead watt want sure great weekend abiola,0
forget tell want need crave love sweet arabian steed mmmmmm yummi,0
rodger burn msg tri call repli sm free nokia mobil free camcord pleas call deliveri tomorrow,1
see,0
great hope like man well endow ltgt inch,0
callsmessagesmiss call,0
didnt get hep b immunis nigeria,0
fair enough anyth go,0
yeah hope tyler cant could mayb ask around bit,0
u dont know stubborn didnt even want go hospit kept tell mark im weak sucker hospit weak sucker,0
think first time saw class,0
gram usual run like ltgt half eighth smarter though get almost whole second gram ltgt,0
k fyi x ride earli tomorrow morn he crash place tonight,0
wow never realiz embarass accomod thought like sinc best could alway seem happi cave im sorri didnt dont give im sorri offer im sorri room embarass,0
sm ac sptv new jersey devil detroit red wing play ice hockey correct incorrect end repli end sptv,1
know mallika sherawat yesterday find lturlgt,0
congrat year special cinema pass call c suprman v matrix starwar etc free bx ip pm dont miss,1
sorri ill call later meet,0
tell reach,0
yesgauti sehwag odi seri,0
gon na pick burger way home cant even move pain kill,0
ha ha ha good joke girl situat seeker,0
part check iq,0
sorri roommat took forev ok come,0
ok lar doubl check wif da hair dresser alreadi said wun cut v short said cut look nice,0
valu custom pleas advis follow recent review mob award å£ bonu prize call,1
today song dedic day song u dedic send ur valuabl frnd first rpli,0
urgent ur award complimentari trip eurodisinc trav acoentri å£ claim txt di å£ morefrmmob shracomorsglsuplt ls aj,1
hear new divorc barbi come ken stuff,1
plane give month end,0
wah lucki man save money hee,0
finish class,0
hi babe im home wan na someth xx,0
kkwhere youhow perform,0
u call,0
wait machan call free,0
that cool gentleman treat digniti respect,0
like peopl much shi pa,0
oper ltgt,0
still look job much ta earn,0
sorri ill call later,0
k call ah,0
ok way home hi hi,0
place man,0
yup next stop,0
call later dont network urgnt sm,0
real u get yo need ticket one jacket im done alreadi use multi,0
ye start send request make pain came back im back bed doubl coin factori got ta cash nitro,0
im realli still tonight babe,0
ela kanoil download come wen ur free,0
yeah donû÷t stand close tho youû÷ll catch someth,0
sorri pain ok meet anoth night spent late afternoon casualti mean havent done stuff moro includ time sheet sorri,0
smile pleasur smile pain smile troubl pour like rain smile sum hurt u smile becoz someon still love see u smile,0
pleas call custom servic repres pm guarante å£ cash å£ prize,1
havent plan buy later check alreadi lido got show e afternoon u finish work alreadi,0
free rington wait collect simpli text password mix verifi get usher britney fml,1
watch telugu moviewat abt u,0
see finish load loan pay,0
hi wk ok hol ye bit run forgot hairdress appoint four need get home n shower beforehand caus prob u ham,0
pleas dont text anymor noth els say,0
okay name ur price long legal wen pick u ave x am xx,0
im still look car buy gone drive test yet,0
wow your right didnt mean guess gave boston men chang search locat nyc someth chang cuz signin page still say boston,0
umma life vava umma love lot dear,0
thank lot wish birthday thank make birthday truli memor,0
aight ill hit get cash,0
would ip address test consid comput isnt minecraft server,0
know grumpi old peopl mom like better lie alway one play joke,0
dont worri guess he busi,0
plural noun research,0
go dinnermsg,0
im ok wif co like tri new thing scare u dun like mah co u said loud,0
gent tri contact last weekend draw show å£ prize guarante call claim code k valid hr ppm,1
wa ur openin sentenc formal anyway im fine juz tt im eatin much n puttin weighthaha anythin special happen,0
enter cabin pa said happi bday boss felt special askd lunch lunch invit apart went,0
winner u special select receiv å£ holiday flight inc speak live oper claim pmin,1
goodo ye must speak friday eggpotato ratio tortilla need,0
hmmmi uncl inform he pay school directli pl buy food,0
privat account statement show unredeem bonu point claim call identifi code expir,1
urgent mobil award å£ bonu caller prize final tri contact u call landlin box wr c ppm,1
new address applespairsal malarki,0
today voda number end select receiv award match pleas call quot claim code standard rate app,1
go sao mu today done,0
ìï predict wat time ìll finish buy,0
good stuff,0
knowyetund hasnt sent money yet sent text bother send dont involv anyth shouldnt impos anyth first place apologis,0
room,0
hey girl r u hope u r well del r bak long time c give call sum time lucyxx,0
kkhow much cost,0
im home,0
dear call tmorrowpl accomod,0
first answer question,0
sunshin quiz wkli q win top soni dvd player u know countri algarv txt ansr å£ sptyron,1
want get laid tonight want real dog locat sent direct ur mob join uk largest dog network bt txting gravel nt ec,1
haf msn,0
call meet,0
check room befor activ,0
youll rcv msg chat svc free hardcor servic text go u get noth u must age verifi yr network tri,1
got c lazi type forgot ì lect saw pouch like v nice,0
k text your way,0
sir wait mail,0
swt thought nver get tire littl thing lovabl person cozsomtim littl thing occupi biggest part heart gud ni,0
know pl open back,0
ye see ya dot,0
what staff name take class us,0
freemsg havent repli text im randi sexi femal live local luv hear u netcollex ltd p per msg repli stop end,1
ummmawil call check inour life begin qatar pl pray hard,0
ki delet contact,0
sindu got job birla soft,0
wine flow im never,0
yup thk cine better co need go plaza mah,0
ok ur typic repli,0
everywher dirt floor window even shirt sometim open mouth come flow dream world without half chore time joy lot tv show ill see guess like thing must exist like rain hail mist time done becom one,0
aaooooright work,0
im leav hous,0
hello love get interview today happi good boy think mear miss,0
custom servic annonc new year deliveri wait pleas call arrang deliveri,1
winner u special select receiv å£ cash holiday flight inc speak live oper claim,1
keep safe need miss alreadi envi everyon see real life,0
new car hous parentsi new job hand,0
im love im excit day spend make happi,0
pl stop bootydeli f invit friend repli ye see stop send stop frnd,1
bangbab ur order way u receiv servic msg download ur content u goto wap bangb tv ur mobil internetservic menu,1
place ur point e cultur modul alreadi,0
urgent tri contact last weekend draw show å£ prize guarante call claim code valid hr,1
hi frnd best way avoid missunderstd wit belov one,0
great escap fanci bridg need lager see tomo,0
ye complet formclark also utter wast,0
sir need axi bank account bank address,0
hmmm thk sure got time hop ard ya go free abt muz call u discuss liao,0
time come later,0
bloodi hell cant believ forgot surnam mr ill give u clue spanish begin,0
well im gon na finish bath goodfin night,0
let know youv got money carlo make call,0
u still go mall,0
turn friend stay whole show wont back til ltgt feel free go ahead smoke ltgt worth,0
text doesnt repli let know log,0
hi spoke maneesha v wed like know satisfi experi repli toll free ye,0
lift hope offer money need especi end month approach hurt studi anyway gr weekend,0
lol u trust,0
ok gentleman treat digniti respect,0
guy close,0
go noth greatby,0
hello handsom find job lazi work toward get back net mummi where boytoy miss,0
haha awesom minut,0
pleas call custom servic repres freephon pm guarante å£ cash å£ prize,1
got xma radio time get,0
ju reach home go bath first si use net tell u finish k,0
uniqu enough find th august,1
im sorri ive join leagu peopl dont keep touch mean great deal friend time even great person cost great week,0
hi final complet cours,0
stop howev suggest stay someon abl give or everi stool,0
hope youv settl new school year wishin gr day,0
gud mrng dear hav nice day,0
u got person stori,0
hamster dead hey tmr meet pm orchard mrt,0
hi kate even hope see tomorrow bit bloodi babyjontet txt back u xxx,0
found enc ltgt,0
sent ltgt buck,0
hello darlin ive finish colleg txt u finish u love kate xxx,0
account refil success inr ltdecimalgt keralacircl prepaid account balanc rs ltdecimalgt transact id kr ltgt,0
goodmorn sleep ga,0
u call alter ok,0
ìï say like dat dun buy ericsson oso oredi lar,0
aight yo dat straight dogg,0
pleas give us connect today ltdecimalgt refund bill,0
shoot big load get readi,0
what bruv hope great break reward semest,0
home alway chat,0
kkgoodstudi well,0
yup ì noe leh,0
sound great home,0
final match head toward draw predict,0
tire havent slept well past night,0
easi ahsen got select mean good,0
take exam march,0
yeah think use gt atm regist sure there anyway help let know sure readi,0
ok prob take ur time,0
os call ubandu run without instal hard diskyou use os copi import file system give repair shop,0
u say leh cours noth happen lar say v romant ju bit lor thk e nite sceneri nice leh,0
new mobil must go txt nokia collect todayfrom å£ optout gbpmtmsg,1
would realli appreci call need someon talk,0
u meet ur dream partner soon ur career flyng start find free txt horo follow ur star sign e g horo ari,1
hey compani elama po mudyadhu,0
life strict teacher bcoz teacher teach lesson amp conduct exam life first conduct exam amp teach lesson happi morn,0
dear good morn,0
get gandhipuram walk cross cut road right side ltgt street road turn first right,0
dear go rubber place,0
sorri batteri die yeah im,0
yesher tv alway avail work place,0
text meet someon sexi today u find date even flirt u join p repli name age eg sam msg penc,1
print oh ltgt come upstair,0
ill littl closer like bu stop street,0
youwhen wil reach,0
new theori argument win situat lose person dont argu ur friend kick amp say im alway correct,0
u secret admir look make contact ufind rreveal think ur specialcal,1
tomarrow final hear laptop case cant,0
pleassssssseeeee tel v avent done sportsx,0
okay shine meant sign sound better,0
although told u dat im baig face watch realli like e watch u gave co fr u thanx everyth dat uve done today im touch,0
u dont rememb old commerci,0
late said websit didnt dont slipper,0
ask call ok,0
kalli wont bat nd inning,0
didnt work oh ok goodnight ill fix readi time wake dearli miss good night sleep,0
congratul ur award cd voucher gift guarante free entri wkli draw txt music tnc,1
ranjith cal drpd deeraj deepak min hold,0
wen ur lovabl bcum angri wid u dnt take serious coz angri childish n true way show deep affect care n luv kettoda manda nice day da,0
doinghow,0
up day also ship compani take wk way usp take week get lag may bribe nipost get stuff,0
im back lem know your readi,0
dont necessarili expect done get back though im headin,0
mmm yummi babe nice jolt suzi,0
lover need,0
tri contact repli offer video handset anytim network min unlimit text camcord repli call,1
iû÷m park next mini come today think,0
yup,0
anyway im go shop co si done yet dun disturb u liao,0
luton ring ur around h,0
hey realli horni want chat see nake text hot text charg pm unsubscrib text stop,1
dint come us,0
wana plan trip sometm,0
sure yet still tri get hold,0
ur rington servic chang free credit go club mobilescom choos content stop txt club stop pwk club po box mk wt,1
evo download flash jealou,0
rington club get uk singl chart mobil week choos top qualiti rington messag free charg,1
come mu sort narcot situat,0
night end anoth day morn come special way may smile like sunni ray leav worri blue blue bay,0
hmv bonu special pound genuin hmv voucher answer easi question play send hmv info,1
usf guess might well take car,0
object bf come,0
thanx,0
tell rob mack gf theater,0
awesom ill see bit,0
sent type food like,0
done hand celebr full swing yet,0
got call tool,0
wen u miss someon,0
ok ask money far,0
oki,0
yeah think usual guy still pass last night get ahold anybodi let know ill throw,0
k might come tonight class let earli,0
ok,0
hi babi im cruisin girl friend r u give call hour home that alright fone fone love jenni xxx,0
life mean lot love life love peopl life world call friend call world ge,0
dearshal mail tonitebusi streetshal updat toniteth look okvarunnathu edukkukaye raksha ollubut good one real sens,0
hey told name gautham ah,0
haf u found feel stupid da v cam work,0
oop got bit,0
much buzi,0
accident delet messag resend pleas,0
tmobil custom may claim free camera phone upgrad pay go sim card loyalti call offer end thfebtc appli,1
unless situat go gurl would appropri,0
hurt teas make cri end life die plz keep one rose grave say stupid miss u nice day bslvyl,0
cant pick phone right pl send messag,0
need coffe run tomoc believ time week alreadi,0
awesom rememb last time got somebodi high first time diesel v,0
shit realli shock scari cant imagin second def night u think somewher could crash night save taxi,0
oh way food fridg want go meal tonight,0
womdarful actor,0
sm ac blind date u rodd aberdeen unit kingdom check sm acwicmb cktz r blind date send hide,1
yup remb think book,0
jo ask u wana meet,0
lol ye friendship hang thread caus u wont buy stuff,0
themob check newest select content game tone gossip babe sport keep mobil fit funki text wap,1
garag key arent bookshelf,0
today accept dayu accept brother sister lover dear best clo lvblefrnd jstfrnd cutefrnd lifpartnr belovd swtheart bstfrnd rpli mean enemi,0
think ur smart win å£ week weekli quiz text play nowtc winnersclub po box uz gbp week,1
say hell give call friend got money he definit buy end week,0
hi way u day normal waythi real ur uniquei hope know u rest mylif hope u find wot lost,0
made day great day,0
kkadvanc happi pongal,0
hmmm guess go kb n power yoga haha dunno tahan power yoga anot thk got lo oso forgot liao,0
realli dude friend im afraid,0
decemb mobil mth entitl updat latest colour camera mobil free call mobil updat co free,1
coffe cake guess,0
merri christma babe love ya kiss,0
hey dont go watch x men lunch haha,0
cud u tell ppl im gona b bit l co buse hav gon past co full im still waitin pete x,0
would great well guild could meet bristol road somewher get touch weekend plan take flight good week,0
problem,0
hi dahow today class,0
id say that good sign well know track record read women,0
cool text your park,0
im read text sent meant joke read light,0
kkapo kgood movi,0
mayb could get book tomo return immedi someth,0
call germani penc per minut call fix line via access number prepay direct access,1
chanc might evapor soon violat privaci steal phone number employ paperwork cool pleas contact report supervisor,0
valentin day special win å£ quiz take partner trip lifetim send go pmsg rcvd custcar,1
tadaaaaa home babe still,0
cool come havent wine dine,0
sleepingand surf,0
u call right call hand phone,0
ok that great thanx lot,0
take post come must text happi read one wiv hello carolin end favourit bless,0
u hide stranger,0
interest like,0
sister clear two round birla soft yesterday,0
gudnitetcpractic go,0
di yiju ju saw ur mail case huim havent sent u num di num,0
one small prestig problem,0
fanci shag dointerest sextextukcom txt xxuk suzi txt cost per msg tnc websit x,1
check realli miss see jeremiah great month,0
nah cant help ive never iphon,0
your car hour half im go apeshit,0
today sorri day ever angri ever misbehav hurt plz plz slap urself bcoz ur fault im basic good,0
yo guy ever figur much need alcohol jay tri figur much safe spend weed,0
ltgt ish minut minut ago wtf,0
thank callingforgot say happi onam sirjii fine rememb met insur personmeet qatar insha allahrakhesh ex tata aig join tisscotays,0
ur cashbal current pound maxim ur cashin send cash pmsg cc hgsuit land roww j hl,1
im actor work work even sleep late sinc im unemploy moment alway sleep late your unemploy everi day saturday,0
hello got st andrewsboy long way cold keep post,0
ha ha cool cool chikku chikkudb,0
oh ok prob,0
check audrey statu right,0
busi tri finish new year look forward final meet,0
good afternoon sunshin dawn day refresh happi aliv breath air smile think love alway,0
well know z take care worri,0
updatenow xma offer latest motorola sonyericsson nokia free bluetooth doubl min txt orang call mobileupd call optoutf q,1
discount code rp stop messag repli stop custom servic,1
wat uniform get,0
cool text your readi,0
hello boytoy geeee miss alreadi woke wish bed cuddl love,0
spoil bed well,0
im go bath msg next ltgt min,0
cant keep talk peopl sure pay agre price pl tell want realli buy much will pay,0
thank rington order refer charg gbp per week unsubscrib anytim call custom servic,1
say happen,0
could seen mei didt recognis face,0
well there lot thing happen lindsay new year sigh bar ptbo blue heron someth go,0
keep payasam rinu bring,0
taught ranjith sir call sm like becau he verifi project prabu told today pa dont mistak,0
guess that worri must know there way bodi repair im quit sure shouldnt worri well take slow first test guid ovul relax noth youv said reason worri ill keep followin,0
yeah sure give coupl minut track wallet,0
hey leav big deal take care,0
hey late ah meet,0
doubl min txt month free bluetooth orang avail soni nokia motorola phone call mobileupd call optoutn dx,1
took mr owl lick,0
custom place call,0
mm time dont like fun,0
mth half price orang line rental latest camera phone free phone mth call mobilesdirect free updat stoptxt,1
yup lunch buffet u eat alreadi,0
huh late fr dinner,0
hey sat go intro pilat kickbox,0
morn ok,0
ye think offic lap room think that last day didnt shut,0
pick bout ish time go,0
perform award calcul everi two monthnot current one month period,0
actual sleep still might u call back text gr rock si send u text wen wake,0
alway put busi put pictur ass facebook one open peopl ive ever met would think pictur room would hurt make feel violat,0
good even sir al salam wahleykkumshar happi newsbi grace god got offer tayseertissco joinedhop fineinshah allahmeet sometimerakheshvisitor india,0
hmmmkbut want chang field quickli dai wan na get system administr network administr,0
free rington text first poli text get true tone help st free tone xå£ pw eå£nd txt stop,1
dear chechi talk,0
hair cream ship,0
none that happen til get though,0
yep great loxahatche xma tree burn ltgt start hour,0
haha get use drive usf man know lot stoner,0
well slightli disastr class pm fav darl hope day ok coffe wld good cant stay late tomorrow time place alway,0
hello good week fanci drink someth later,0
headin toward busetop,0
messagesom text miss sendernam miss number miss sentdat miss miss u lot that everyth miss sent via fullonsmscom,0
come room point iron plan weekend,0
co want thing,0
oki ill go yan jiu skip ard oso go cine den go mrt one blah blah blah,0
bring home wendi,0
date servic call box sk ch,1
whatsup dont u want sleep,0
alright new goal,0
free entri å£ weekli competit text word win tc,1
alright ill head minut text meet,0
send logo ur lover name join heart txt love name name mobno eg love adam eve yahoo pobox w wq txtno ad p,1
yesfrom last week im take live call,0
someon contact date servic enter phone fanci find call landlin pobox n tf p,1
siva hostel aha,0
urgent mobil number award å£ prize guarante call land line claim valid hr,1
send ur friend receiv someth ur voic speak express childish naughti sentiment rowdi ful attitud romant shi attract funni ltgt irrit ltgt lovabl repli,0
ok shell ok guess,0
aathiwher dear,0
pain urin thing els,0
esplanad ì mind give lift co got car today,0
wnt buy bmw car urgentlyit vri urgentbut hv shortag ltgt lacsther sourc arng di amt ltgt lacsthat prob,0
home watch tv lor,0
usual take fifteen fuck minut respond ye question,0
congrat nokia video camera phone call call cost ppm ave call min vari mobil close post bcm ldn wc n xx,1
book ticket pongal,0
avail im like right around hillsborough amp ltgt th,0
messag sent askin ltgt dollar shoul pay ltgt ltgt,0
ask g iouri ive told stori like ten time alreadi,0
long applebe fuck take,0
hi hope u get txtjourney hasnt gdnow min late think,0
like love arrang,0
yesh realli greatbhaji told kalli best cricket sachin worldveri tough get,0
suppos wake gt,0
oic saw tot din c found group liao,0
hey hey wereth monkeespeopl say monkeyaround howdi gorgeou,0
sorri batteri die come im get gram where place,0
well done blimey exercis yeah kinda rememb wot hmm,0
wont get concentr dear know mind everyth,0
lol made plan new year,0
min later k,0
hank lotsli,0
thank hope good day today,0
kkwhat detail want transferacc enough,0
ok tell stay yeah tough optimist thing improv month,0
loan purpos å£ å£ homeown tenant welcom previous refus still help call free text back help,1
si si think ill go make oreo truffl,0
look ami ure beauti intellig woman like u lot know u donåõt like like donåõt worri,0
hope that result consist intellig kind start ask practicum link keep ear open best ttyl,0
call cost guess isnt bad miss ya need ya want ya love ya,0
go thru differ feelingwav decis cope individualtim heal everyth believ,0
u go phone gon na die stay,0
great never better day give even reason thank god,0
upgrdcentr orang custom may claim free camera phone upgrad loyalti call offer end th juli tc appli optout avail,1
sorri ill call later ok bye,0
ok way railway,0
great princess love give receiv oral doggi style fave posit enjoy make love ltgt time per night,0
dont put stuff road keep get slipperi,0
go ride bike,0
yup need ill ju wait e rain stop,0
mani compani tell languag,0
okmail dear dave final notic collect tenerif holiday cash award call landlin tc sae box cw wx ppm,1
long sinc scream princess,0
noth meant money enter account bank remov flat rate someon transfer ltgt account ltgt dollar got remov bank differ charg also differb sure trust ja person send account detail co,0
want get laid tonight want real dog locat sent direct ur mob join uk largest dog network txting moan nyt ec,1
nice line said broken heart plz dont cum time infront wise trust u good,0
ok im gon na head usf like fifteen minut,0
love aathilov u lot,0
tension ahwhat machiani problem,0
k pick anoth th your done,0
whenr guy get back g said think stay mcr,0
almost see u sec,0
yo carlo friend alreadi ask work weekend,0
watch tv lor,0
thank babi cant wait tast real thing,0
chang fb jaykwon thuglyf falconerf,0
win realli side long time,0
free messag activ free text messag repli messag word free term condit visit,1
dear reach railway happen,0
depend qualiti want type sent boy fade glori want ralph mayb,0
think ive fix send test messag,0
sorri man account dri would want could trade back half could buy shit credit card,0
congrat year special cinema pass call c suprman v matrix starwar etc free bx ip pm dont miss,1
sorryin meet ill call later,0
class ltgt reunion,0
free nowcan call,0
got meh,0
nope think go monday sorri repli late,0
told accentur confirm true,0
kate jackson rec center ish right,0
dear reach room,0
fight world easi u either win lose bt fightng close u dificult u lose u lose u win u still lose,0
ì come,0
check nuerologist,0
lolnic went fish water,0
congratul week competit draw u å£ prize claim call b tcsstop sm ppm,1
wait e car dat bore wat co wait outsid got noth home stuff watch tv wat,0
mayb westshor hyde park villag place near hous,0
know how anthoni bring money ive school fee pay rent stuff like that need help friend need,0
what signific,0
opinion jada kusruthi lovabl silent spl charact matur stylish simpl pl repli,0
latest gs still scroung ammo want give new ak tri,0
prabhaim sorydarealyfrm heart im sori,0
lol ok forgiven,0
nojst chang tat,0
guarante latest nokia phone gb ipod mp player å£ prize txt word collect ibhltd ldnw h pmtmsgrcvd,1
sno competit,0
boltblu tone p repli poli mono eg poli cha cha slide yeah slow jamz toxic come stop tone txt,1
credit top renew pin tgxxrz,1
way transport less problemat sat night way u want ask n join bday feel free need know definit no book fri,0
usual person unconsci that children adult may behav abnorm ill call,0
that ebay might less elsewher,0
shall come get pickl,0
gon na go get taco,0
that rude campu,0
urgent mobil award å£ bonu caller prize nd attempt contact call box qu,1
hi wont b ard christma enjoy n merri xma,0
today offer claim ur å£ worth discount voucher text ye savamob member offer mobil cs å£ sub unsub repli x,1
ye pretti ladi like singl,0
reciev tone within next hr term condit pleas see channel u teletext pg,1
jay say your doublefaggot,0
privat account statement show unredeem sim point call identifi code expir,1
todaysundaysunday holidayso work,0
ill late,0
ive call hope l r malaria know miss guy miss bani big pl give love especi great day,0
good afternoon love goe day hope mayb got lead job think boytoy send passion kiss across sea,0
probabl gon na see later tonight lt,0
mayb fat finger press button doesnt know,0
ummmmmaah mani mani happi return day dear sweet heart happi birthday dear,0
tirupur da start offic call,0
max month tcsc web age stop txt stop,1
famou quot develop abil listen anyth uncondit without lose temper self confid mean marri,0
go colleg pa els ill come self pa,0
oclock mine bash flat plan,0
girl stay bed girl doesnt need recoveri time id rather pass fun coop bed,0
special,0
know need get hotel got invit apologis cali sweet come english bloke weddin,0
sorri took long omw,0
wait ltgt min,0
ok give minut think see btw your alibi cut hair whole time,0
imagin final get sink bath put pace mayb even eat left also imagin feel cage cock surround bath water remind alway own enjoy cuck,0
hurri ive weeddefici like three day,0
sure get acknowledg astoundingli tactless gener faggi demand blood oath fo,0
ok everi night take warm bath drink cup milk youll see work magic still need loos weight know,0
iû÷ll look fri pan case itû÷ cheap book perhap thatû÷ silli fri pan isnû÷t like book,0
well uv caus mutat sunscreen like essenti theseday,0
lunchyou onlinewhi,0
know friend alreadi told,0
hi princess thank pic pretti,0
aiyo u alway c ex one dunno abt mei repli first time u repli fast lucki workin huh got bao ur sugardad ahge,0
hi msg meim offic,0
thanx e browni v nice,0
geeeee love much bare stand,0
gent tri contact last weekend draw show å£ prize guarante call claim code k valid hr ppm,1
fuck babe miss alreadi know cant let send money toward net need want crave,0
ill call u mrw ninish address icki american freek wont stop callin bad jen k eh,0
oooh bed ridden ey think,0
anyway go gym whatev love smile hope ok good day babe miss much alreadi,0
love daddi make scream pleasur go slap ass dick,0
wot u wan na missi,0
yar lor wait mum finish sch lunch lor whole morn stay home clean room room quit clean hee,0
know lab goggl went,0
open door,0
wait call,0
nope wait sch daddi,0
cash prize claim call,1
im tire argu week week want ill,0
ìï wait sch finish ard,0
mobil number å£ claim call us back ring claim hot line,1
arngd marriag u r walkin unfortuntli snake bite u bt love marriag danc frnt snake amp sayin bite bite,0
huh earli ì dinner outsid izzit,0
ok anyway need chang said,0
tri contact repli offer min textand new video phone call repli free deliveri tomorrow,1
exwif abl kid want kid one day,0
how scotland hope show jjc tendenc take care live dream,0
tell u headach want use hour sick time,0
dun thk ill quit yet hmmm go jazz yogasana oso go meet em lesson den,0
pete pleas ring meiv hardli gotani credit,0
ya srsli better yi tho,0
im meet call later,0
ur chanc win å£ wkli shop spree txt shop tsc custcar x pwk,1
special select receiv pound award call line close cost ppm tc appli ag promo,1
privat account statement show unredeem point call identifi code expir,1
still grand prix,0
met stranger choos friend long world stand friendship never end let friend forev gud nitz,0
great,0
gud mrng dear nice day,0
import custom servic announc call freephon,1
exhaust train morn much wine pie sleep well,0
im go buy mum present ar,0
mind blastin tsunami occur rajnik stop swim indian oceand,0
u send home first ok lor im readi yet,0
speak cash yet,0
happi come noon,0
meet lunch la,0
take care n get well soon,0
morow soire special zouk nichol parisfre rose ladi info,1
meant say cant wait see u get bore bridgwat banter,0
neva mind ok,0
fine imma get drink somethin want come find,0
day kick euro u kept date latest news result daili remov send get txt stop,1
valentin game send di msg ur friend answer r someon realli love u que colour suit bestrpli,0
mani depend,0
thanx today cer nice catch ave find time often oh well take care c u soonc,0
call said himthen choos futur,0
happi valentin day know earli hundr handsom beauti wish thought finish aunti uncl st,0
like v shock leh co tell shuhui like tell leona also like dat almost know liao got ask abt ur reaction lor,0
famili happi,0
come n pick ì come immedi aft ur lesson,0
let snow let snow kind weather bring ppl togeth friendship grow,0
dear got ltgt dollar hi hi,0
good word word may leav u dismay mani time,0
make sure alex know birthday fifteen minut far your concern,0
sorri got thing may pub later,0
nah straight bring bud drink someth that actual littl use straight cash,0
haha good hear im offici paid market th,0
mani lick take get center tootsi pop,0
yup thk r e teacher said make face look longer darren ask cut short,0
new textbuddi chat horni guy ur area p free receiv search postcod gaytextbuddycom txt one name,1
today vodafon number end select receiv å£ award number match call receiv å£ award,1
pleas dont say like hi hi hi,0
thank u,0
oh forward messag thought send,0
got seventeen pound seven hundr ml ûò hope ok,0
dear voucher holder claim week offer pc go tsc appli stop text txt stop,1
n funni,0
sweetheart hope kind day one load reason smile biola,0
ì login dat time dad fetch ì home,0
shower babi,0
askd u question hour answer,0
well imma definit need restock thanksgiv ill let know im,0
said kiss kiss cant sound effect gorgeou man isnt kind person need smile brighten day,0
probabl gon na swing wee bit,0
ya nice readi thursday,0
allo brave buse taken train triumph mean weû÷r bû÷ham jolli good rest week,0
watch cartoon listen music amp eve go templ amp church u,0
mind ask happen dont say uncomfort,0
privat account statement show unredeem point call identifi code expir,1
prob send email,0
cash prize claim call tc rstm sw ss ppm,1
that cool sometim slow gentl sonetim rough hard,0
im gon na say sorri would normal start panic time sorri see tuesday,0
wait know wesley town bet hella drug,0
fine miss much,0
tell drug dealer get impati,0
sun cant come earth send luv ray cloud cant come river send luv rain cant come meet u send care msg u gud evng,0
doesnt make sens take unless free need know wikipediacom,0
premium phone servic call,1
sea lay rock rock envelop envelop paper paper word,0
mum repent,0
sorri go home first daddi come fetch ì later,0
leav de start prepar next,0
ye babi studi posit kama sutra,0
en chikku nang bakra msg kalstiyathen teacoffe,0
carlosl minut still need buy,0
pay ltdecimalgt lakh,0
good even ttyl,0
u receiv msg,0
ho ho big belli laugh see ya tomo,0
sm ac sun post helloy seem cool,1
get ur st rington free repli msg tone gr top tone phone everi week å£ per wk opt send stop,1
ditto wont worri say anyth anymor like said last night whatev want ill peac,0
ive got ltgt way could pick,0
dont knw pa drink milk,0
mayb say hi find got card great escap wetherspoon,0
piggi r u awak bet ure still sleep im go lunch,0
caus im freaki lol,0
miss call caus yell scrappi miss u cant wait u come home im lone today,0
hex place talk explain,0
ìï log wat sdryb,0
xy go e lunch,0
hi im sue year old work lapdanc love sex text live im bedroom text sue textoper g da ppmsg,1
want ask ì wait finish lect co lect finish hour anyway,0
finish work yet,0
everi king cri babi everi great build map imprtant u r today u wil reach tomorw gud ni,0
dearm cherthalain case u r come cochin pl call bfore u starti shall also reach accordinglyor tell day u r comingtmorow engag an holiday,0
thank love torch bold,0
forward pleas call immedi urgent messag wait,1
farm open,0
sorri troubl u buy dad big small sat n sun thanx,0
sister law hope great month say hey abiola,0
purchas stuff today mail po box number,0
ah poop look like ill prob send laptop get fix cuz gpu problem,0
good good job like entrepreneur,0
aight close still around alex place,0
meet corpor st outsid gap û see mind work,0
mum ask ì buy food home,0
ku also dont msg repli msg,0
much r ì will pay,0
import prevent dehydr give enough fluid,0
that bit weird even suppos happen good idea sure pub,0
true deari sat pray even felt soso smsd time,0
dont think get away trek long famili town sorri,0
wan na gym harri,0
quit late lar ard anyway wun b drivin,0
review keep fantast nokia ngage game deck club nokia go unsubscrib alert repli word,1
mth half price orang line rental latest camera phone free phone mth call mobilesdirect free updat stoptxt tc,1
height confid aeronaut professor wer calld amp wer askd sit aeroplan aftr sat wer told dat plane ws made student dey hurri plane bt didnt move saidif made student,0
seem like weird time night g want come smoke day shitstorm attribut alway come make everyon smoke,0
pm cost p,1
save stress person dorm account send account detail money sent,0
also know lunch menu da know,0
stuff sell ill tell,0
urgent nd attempt contact uu å£ call b tcsbcm wc n xx callcost ppm mobilesvari maxå£,1
book lesson msg call work sth im go get spec membership px,0
guarante å£ cash å£ prize claim yr prize call custom servic repres pm,1
macha dont feel upseti assum mindsetbeliev one even wonder plan uslet life begin againcal anytim,0
oh send address,0
sfine anytim best,0
wondar full flim,0
ya even cooki jelli,0
world run stillmayb feel sameso itor admiti madthen correctionor let call lifeand keep run worldmay u r also runninglet run,0
got look scrumptiou daddi want eat night long,0
co lar im ba dao ok pm lor u never ask go ah said u would ask fri said u ask today,0
alright omw got ta chang order half th,0
exactli anyway far jide studi visit,0
dunno u ask,0
email alertfrom jeri stewarts kbsubject lowcost prescripiton drvgsto listen email call,1
didnt spring come earli yay,0
lol wont feel bad use money take steak dinner,0
even u dont get troubl convincingjust tel twice tel neglect msg dont c read itjust dont repli,0
leav qatar tonit search opportunityal went fastpl add ur prayer dearrakhesh,0
one talk,0
thank look realli appreci,0
hi custom loyalti offerth new nokia mobil å£ txtauction txt word start get tctxt tc pmtmsg,1
wish,0
haha mayb ure rite u know well da feel like someon gd lor u faster go find one gal group attach liao,0
ye glad made,0
well littl time thing good time ahead,0
got room soon û hadnt put clock back til shout everyon get realis wahay anoth hour bed,0
ok may free gym,0
men like shorter ladi gaze eye,0
dunno ju say go lido time,0
promis take good care princess run pleas send pic get chanc ttyl,0
u subscrib best mobil content servic uk å£ per day send stop helplin,1
reason weve spoken year anyway great week best exam,0
monday next week give full gist,0
realiz year well thousand old ladi run around tattoo,1
import custom servic announc premier,1
dont gim lip caveboy,0
get librari,0
reali sorryi dont recognis number confus r u pleas,0
didnt holla,0
cant think anyon spare room top head,0
faith make thing possiblehop make thing worklov make thing beautifulmay three christmasmerri christma,0
u made appoint,0
call youcarlo isar phone vibrat act might hear text,0
romant pari night flight å£ book next year call tsc appli,1
grandma oh dear u still ill felt shit morn think hungov anoth night leav sat,0
urgent ur å£ guarante award still unclaim call closingd claimcod å£ pmmorefrommobil bremovedmobypobox ls yf,1
noth ju tot u would ask co u ba gua went mt faber yest yest ju went alreadi mah today go ju call lor,0
wish famili merri x ma happi new year advanc,0
ur award citi break could win å£ summer shop spree everi wk txt store skilgm tscswinawkag å£ perwksub,1
im nt goin got somethin unless meetin dinner lor haha wonder go ti time,0
lol know theyr dramat school alreadi close tomorrow appar cant drive inch snow suppos get,0
get anywher damn job hunt,0
lol u drunkard hair moment yeah still tonight wat plan,0
idc get weasel way shit twice row,0
wil ltgt minut got space,0
thank pick trash,0
dont go tell friend your sure want live smoke much spend hour beg come smoke,0
hi kate love see tonight ill phone tomorrow got sing guy gave card xxx,0
happi new year dear brother realli miss got number decid send text wish happi abiola,0
mean get door,0
hmmm thought said hour slave late punish,0
beerag,0
import custom servic announc premier call freephon,1
dont think turn like randomlli within min open,0
suppos couldnt make she still town though,0
time fix spell sometim get complet diff word go figur,0
ever thought live good life perfect partner txt back name age join mobil commun psm,1
free top polyphon tone call nation rate get toppoli tune sent everi week text subpoli å£ per pole unsub,1
hope enjoy game yesterday sorri ive touch pl know fondli bein thot great week abiola,0
e best ur drive tmr,0
ywhere u dogbreath sound like jan c thatåõ al,0
omg want scream weigh lost weight woohoo,0
gener isnt one uncount noun u dictionari piec research,0
realli get hang around,0
orang custom may claim free camera phone upgrad loyalti call offer end thmarch tc appli optout availa,1
petey boy wherear friendsar thekingshead come canlov nic,0
ok msg u b leav hous,0
gim ltgt minut ago,0
last chanc claim ur å£ worth discount voucher today text shop savamob offer mobil cs savamob pobox uz å£ sub,1
appt lttimegt fault u dont listen told u twice,0
free st week nokia tone ur mobil everi week txt nokia get txting tell ur mate pobox w wq norm ptone,1
guarante å£ award even å£ cashto claim ur award call free stop getstop php rg jx,1
k ill,0
dled imp,0
sure make sure know aint smokin yet,0
boooo alway work quit,0
take half day leav bec well,0
ugh dont wan na get bed warm,0
ssnervou ltgt,0
there ring come guy costum gift futur yowif hint hint,0
congratul ur award either å£ cd gift voucher free entri å£ weekli draw txt music tnc,1
borrow ur bag ok,0
u outbid simonwatson shinco dvd plyr bid visit sm acsmsreward end bid notif repli end,1
where boytoy miss happen,0
lot use one babe model doesnt help youi bring hell match,0
also bring galileo dobbi,0
respond,0
boo babe u enjoyin yourjob u seem b gettin well hunnyhop ure oktak care iåõllspeak u soonlot lovem xxxx,0
good afternoon starshin how boytoy crave yet ach fuck sip cappuccino miss babe teas kiss,0
road cant txt,0
smsservic yourinclus text credit pl goto login qxj unsubscrib stop extra charg help comuk cm ae,1
p alfi moon children need song ur mob tell ur txt tone chariti nokia poli chariti poli zed profit chariti,1
hmm bit piec lol sigh,0
hahahaus brain dear,0
hey got mail,0
sorri light turn green meant anoth friend want ltgt worth may around,0
thank yesterday sir wonder hope enjoy burial mojibiola,0
u secret admir reveal think u r special call opt repli reveal stop per msg recd cust care,1
hi mate rv u hav nice hol messag say hello coz havenåõt sent u age start drive stay roadsrvx,0
dear voucher holder claim week offer pc pleas go tsc appli stop text txt stop,1
thank much skype wit kz sura didnt get pleasur compani hope good weve given ultimatum oh countin aburo enjoy messag sent day ago,0
sure result offer,0
good morn dear great amp success day,0
want anytim network min text new video phone five pound per week call repli deliveri tomorrow,1
sir late pay rent past month pay ltgt charg felt would inconsider nag someth give great cost that didnt speak howev recess wont abl pay charg month henc askin well ahead month end pleas help thank,0
tri contact offer new video phone anytim network min half price rental camcord call repli deliveri wed,1
last chanc claim ur å£ worth discount voucherstext ye nowsavamobmemb offer mobil cs å£ sub remov txt x stop,1
luv u soo much u donåõt understand special u r ring u morrow luv u xxx,0
pl send comprehens mail im pay much,0
prashanthettan mother pass away last night pray famili,0
urgent call landlin complimentari ibiza holiday cash await collect sae tc po box sk wp ppm,1
kkwhen go,0
meanwhil shit suit xavier decid give us ltgt second warn samantha come play jay guitar impress shit also dont think doug realiz dont live anymor,0
stomach thru much trauma swear cant eat better lose weight,0
officewhat mattermsg nowi call break,0
yeah there bare enough room two us x mani fuck shoe sorri man see later,0
u reach orchard alreadi u wan go buy ticket first,0
real babi want bring inner tigress,0
da run activ full version da,0
ah poor babyhop urfeel bettersn luv probthat overdos work hey go care spk u sn lot lovejen xxx,0
stop stori ive told ive return he say order,0
talk sexi make new friend fall love world discreet text date servic text vip see could meet,1
go take babe,0
hai ana tomarrow come morn ltdecimalgt ill sathi go rto offic repli came home,0
spoon okay,0
say somebodi name tampa,0
work go min,0
brother geniu,0
sorri guess whenev get hold connect mayb hour two ill text,0
u find time bu coz need sort stuff,0
dude ive see lotta corvett late,0
congratul ur award either yr suppli cd virgin record mysteri gift guarante call tsc å£ pm approx min,1
consid wall bunker shit import never play peac guess place high enough dont matter,0
privat account statement xxxxxx show unredeem point call identifi code expir,1
hello need posh bird chap user trial prod champney put need address dob asap ta r,1
u want xma free text messag new video phone half price line rental call free find,1
well offici philosoph hole u wan na call home readi save,0
go goodno problembut still need littl experi understand american custom voic,0
ill text drop x,0
ugh long day im exhaust want cuddl take nap,0
talk atleast day otherwis miss best friend world shakespear shesil ltgt,0
shop till u drop either k k å£ cash å£ travel voucher call ntt po box cr bt fixedlin cost ppm mobil vari,1
castor need see someth,0
sunshin quiz wkli q win top soni dvd player u know countri liverpool play mid week txt ansr å£ sptyron,1
u secret admir look make contact ufind rreveal think ur specialcal,1
u secret admir look make contact ufind rreveal think ur specialcal stopsm,1
remind download content alreadi paid goto mymobi tv collect content,1
see knew give break time woul lead alway want miss curfew gon na gibe til one midnight movi gon na get til need come home need getsleep anyth need b studdi ear train,0
love give massag use lot babi oil fave posit,0
dude go sup,0
yoyyooo u know chang permiss drive mac usb flash drive,0
gibb unsoldmik hussey,0
like talk pa abl dont know,0
dun cut short leh u dun like ah fail she quit sad,0
unbeliev faglord,0
wifehow knew time murder exactli,0
ask princess,0
great princess think,0
nutter cutter ctter cttergg cttargg ctargg ctagg ie,0
ok noe ure busi im realli bore msg u oso dunno wat colour choos one,0
doesnt g class earli tomorrow thu shouldnt tri smoke ltgt,0
superb thought grate u dont everyth u want mean u still opportun happier tomorrow u today,0
hope good week check,0
im use hope agent dont drop sinc ive book thing year whole boston nyc experi,0
thursday night yeah sure thing well work,0
probabl money worri thing come due sever outstand invoic work two three month ago,0
possibl teach,0
wonder phone batteri went dead tell love babe,0
love smell bu aint tobacco,0
get worri derek taylor alreadi assum worst,0
hey what charl sorri late repli,0
lastest stereophon marley dizze racal libertin stroke win nookii game flirt click themob wap bookmark text wap,1
ill give plu said grinul greet whenev speak,0
white fudg oreo store,0
januari male sale hot gay chat cheaper call nation rate pmin cheap pmin peak stop text call pmin,1
love come took long leav zaher got word ym happi see sad left miss,0
sorri hurt,0
cant feel nauseou im piss didnt eat sweet week caus today plan pig diet week im hungri,0
ok lor earli still project meet,0
call da wait call,0
could ask carlo could get anybodi els chip,0
actual send remind today wonder weekend,0
peopl see msg think iam addict msging wrong bcoz dont know iam addict sweet friend bslvyl,0
hey gave photo regist drive ah tmr wan na meet yck,0
dont talk ever ok word,0
u wana see,0
way school pl send ashley number,0
shall fine avalarr hollalat,0
went attend anoth two round todaybut still didt reach home,0
actual delet old websitenow blog magicalsongsblogspotcom,0
k wait chikkuil send aftr ltgt min,0
im diet ate mani slice pizza yesterday ugh im alway diet,0
ki give kvb acc detail,0
oh come ah,0
money r lucki winner claim prize text money å£ million give away ppt x normal text rate box w jy,1
im realli sorri wont b abl fridayhop u find alternativehop yr term go ok,0
congratul ore mo owo wa enjoy wish mani happi moment fro wherev go,0
samu shoulder yet,0
time think youll need know near campu,0
dear matthew pleas call landlin complimentari lux tenerif holiday å£ cash await collect ppm sae tc box sk xh,1
dun wear jean lor,0
sinc side fever vomitin,0
kkare colleg,0
urgent call landlin complimentari tenerif holiday å£ cash await collect sae tc box hp yf ppm,1
better made friday stuf like pig yesterday feel bleh least writh pain kind bleh,0
sell well ton coin sell coin someon thru paypal voila money back life pocket,0
theyr lot place hospit medic place safe,0
get touch folk wait compani txt back name age opt enjoy commun psm,1
also ive sorta blown coupl time recent id rather text blue look weed,0
sent score sopha secondari applic school think think appli research cost also contact joke ogunrind school one less expens one,0
cant wait see photo use,0
ur cashbal current pound maxim ur cashin send go pmsg cc po box tcrw,1
hey book kb sat alreadi lesson go ah keep sat night free need meet confirm lodg,0
chk ur belovd ms dict,0
time want come,0
awesom lem know whenev your around,0
shb b ok lor thanx,0
beauti truth graviti read care heart feel light someon feel heavi someon leav good night,0
also rememb get dobbi bowl car,0
filthi stori girl wait,1
sorri c ur msg yar lor poor thing one night tmr ull brand new room sleep,0
love isnt decis feel could decid love life would much simpler less magic,0
welp appar retir,0
sort code acc bank natwest repli confirm ive sent right person,0
u sure u cant take sick time,0
urgent tri contact u today draw show å£ prize guarante call land line claim valid hr,1
yo chad gymnast class wan na take site say christian class full,0
better still catch let ask sell ltgt,0
sure night menu know noon menu,0
u want come backa beauti necklac token heart youthat give wife likingb seeno one give thatdont call mei wait till come,0
will go aptitud class,0
wont b tri sort hous ok,0
yar lor wan go c hors race today mah eat earlier lor ate chicken rice u,0
haha awesom omw back,0
yup thk e shop close lor,0
account number,0
eh u send wrongli lar,0
hey ad crap nite borin without ya boggi u bore biatch thanx u wait til nxt time il ave ya,0
ok shall talk,0
dont hesit know second time weak like keep notebook eat day anyth chang day sure noth,0
hey pay salari de ltgt,0
anoth month need chocol weed alcohol,0
start search get job daysh great potenti talent,0
reckon need town eightish walk carpark,0
congrat mobil g videophon r call videochat wid mate play java game dload polyph music nolin rentl,1
look fuckin time fuck think,0
yo guess drop,0
carlo say hell mu ltgt minut,0
im offic call ltgt min,0
geeee miss alreadi know think fuck cant wait till next year togeth love kiss,0
yun ahth ubi one say ì wan call tomorrowcal look ireneer got bu ubi cresubi tech park ph st wkg daysì¬n,0
ugh got ta drive back sd la butt sore,0
th juli,0
hi im relax time ever get everi day parti good night get home tomorrow ish,0
ì ìï wan come come lor din c stripe skirt,0
xma stori peac xma msg love xma miracl jesu hav bless month ahead amp wish u merri xma,0
cant dont number,0
chang e one next escal,0
yetund im class run water make ok pl,0
lot happen feel quiet beth aunt charli work lot helen mo,0
ì wait bu stop aft ur lect lar dun c ì go get car come back n pick ì,0
aight thank comin,0
nobut heard abt tat,0
ltgt think say syllabu,0
umma say anyth,0
give sec think think,0
panason bluetoothhdset free nokia free motorola free doublemin doubletxt orang contract call mobileupd call optout,1
dont quit know still cant get hold anyon cud pick bout pm see theyr pub,0
poyyarikaturkolathupalayamunjalur posterod di ltgt,0
dear heroi leav qatar tonit apt opportunitypl keep touch ltemailgt kerala,0
lol would mom would fit tell whole famili crazi terribl,0
got home babe still awak,0
dunno close oredi ìï v fan,0
buy pizza meat lover suprem u get pick,0
ya toldsh ask wat matter,0
dearregret cudnt pick calldrov frm ctla cochin homeleft mobil carent style ishtamayoohappi bakrid,0
free st week nokia tone ur mob everi week txt nokia get txting tell ur mate pobox w wq norm ptone,1
shall send exe mail id,0
nope watch tv home go v bore,0
knowwait check,0
good afternoon gloriou anniversari day sweet j hope find happi content prey think send teas kiss across sea coax imag fond souveni cougarpen,0
guess somebodi know secretli fanci wan na find give us call landlin datebox essexcm xn pmin,1
still tonight,0
may call later pl,0
hasnt pattern recent crap weekend,0
sore throat scratch talk,0
ye da plm ur offic,0
around still asleep v,0
lol forgot eh ye ill bring babe,0
good well find way,0
use foreign stamp countri good lectur,0
yup bath liao,0
happi new year man,0
oh mr sheffield wan na play game okay your boss im nanni give rais ill give one,0
zoe hit im fuck shitin il defo tri hardest cum morow luv u million lekdog,0
hello babi get back mom set comput fill belli goe loverboy miss alreadi sigh,0
blanket suffici thx,0
naughti littl thought better flirt flirt n flirt rather love someon n gettin hurt hurt n hurt gud nyt,0
edison rightli said fool ask question wise man answer know us speechless viva gm,0
talk that de wont,0
today go colleg abl atten class,0
im class holla later,0
mmm that better got roast iåõd b better drink good indian,0
know someon know fanci call find pobox ls hb p,1
come round,0
thing chang sentenc want concentr educ career im leav,0
flirt txt girl bloke ur name age eg girl zoe join get chat,1
walk hour c u doesnåõt show care wont u believ im seriou,0
day euro kickoff u kept inform latest news result daili unsubscrib send get euro stop,1
avail soire june rd,0
u noe wat time e place dat sell close,0
got anoth job one hospit data analysi someth start monday sure thesi got finish,0
jay get realli impati belliger,0
hiya comin bristol st week april le got rudi new yr eve snoringthey drunk u bak colleg yet work send ink bath,0
im work pleas call,0
u drive lor,0
ard like dat,0
tell theyr femal v howr throw decid get,0
eastend tv quiz flower dot compar violet e tulip f lili txt e f chanc win å£ cash wkent p,1
im work technic support voic processnetwork field,0
might come kerala daysso prepar take leav finalis dont plan travel visitne finish urgent work,0
ok sure time tho sure get librari class tri see point good eve,0
new local date area lot new peopl regist area repli date start repli,1
that fine ill bitch later,0
mum went dentist,0
free call sir wait,0
meet u work tel shall work tomorrow,0
someon u know ask date servic contact cant guess call reveal po box wu,1
ju finish bath,0
alright ill make sure car back tonight,0
urgent tri contact u today draw show å£ prize guarante call land line claim c valid hr,1
dear uve invit xchat final attempt contact u txt chat,1
lul im gettin juici gossip hospit two nurs talk fat gettin one think she obes oyea,0
aight ill get fb coupl minut,0
oi ami parchi na kicchu kaaj kort iccha korch na phone ta tul na plz plz,0
download clear movi dvd copi,0
yep pretti sculptur,0
convey regard,0
watch surya movi pm vijay movi pokkiri,0
tell happen dont behav like ok need say,0
u get pic msg phone,0
send someon els,0
wat make peopl dearer de happi dat u feel u meet de pain u feel u miss dem,0
love start attractioni feel need everi time around mesh first thing come thoughtsi would start day end hersh everi time dreamlov everi breath namemi life happen around hermi life name heri would cri herwil give happi take sorrowsi readi fight anyon heri love craziest thing herlov dont proov anyon girl beauti ladi whole planeti alway sing prais herlov start make chicken curri end maki sambarlif beauti thenwil get everi morn thank god day mei would like say lotwil tell later,0
frndship like needl clock though v r clock v r nt abl met evn v meetitz second bt v alwi stay conect gud,0
dont think spatula hand,0
never noth,0
award sipix digit camera call landlin deliveri within day cs box bp yr warranti ppm p på£,1
goodmorn today late ltdecimalgt min,0
win urgent mobil number award å£ prize guarante call land line claim valid hr ppm,1
pleas da call mistak side sorri da pl da goto doctor,0
r meet,0
well weather cali great complex great need car move freeli tax outrag great place sad part miss home,0
reach home tire come tomorro,0
ryder unsoldnow gibb,0
dear subscrib ur draw å£ gift voucher b enter receipt correct an elvi presley birthday txt answer,1
dont fret ill buy ovul test strip send wont get til like march send postal addressul alrightokay,0
gift tri get throw cliff someth,0
ne thing interest good birthday u wrking nxt start uni today,0
busi come point figur tomorrow,0
yeah go bore depress sittin waitin phone ring hope wind drop though scari,0
black shirt n blue jean thk c ì,0
aiyah sorri lor watch tv watch forgot check phone,0
messag import inform user today lucki day find log onto fantast surpris await,1
hen night go swing,0
good afternoon love goe day woke earli onlin wait hmmm italian boy onlin see grin,0
someon smoke everi time ive smoke last two week call text want smoke,0
youll get headach tri figur u trust math promis,0
sfirst timedhoni rock,0
ok ill tell compani,0
awesom think get th usf time tonight,0
mean still think teju,0
im good movi ok leav hourish,0
nothi kalli home groundamla home town durban,0
let make saturday monday per conveni,0
hey time drive fri go evalu fri,0
å£ price claim call,1
im go lunch wif famili aft dat go str orchard lor,0
bore speed date tri speedchat txt speedchat dont like em txt swap get new chatter chat pobox w wq pmsg rcd,1
cancel cheyyamoand get money back,0
want anytim network min text new video phone five pound per week call repli deliveri tomorrow,1
okok okthenwhat ur today plan,0
good morn princess,0
aiyar sorri lor forgot tell u,0
take part mobil survey yesterday text use howev wish get txt send txt tc p,1
tonight mate catch sleep new number way,0
height oh shit situat guy throw luv letter gal fall brother head who gay,0
ur hmv quiz cashbal current å£ maxim ur cashin send hmv pmsg,1
check error difficulti correct,0
howz painhop u r fine,0
u wake alreadi thanx e tau sar piah quit nice,0
k need login anyth,0
dont forget place mani free request stchoicecouk wish inform call,1
lol busi,0
u wear,0
oha usual vijay film differ,0
dont know u u dont know send chat let find pmsg rcvd hgsuit landsroww j hl ldn year,1
good day mine realli busi much tomorrow night,0
way send shade stuff wonder,0
realli tot ur paper end long ago wat u copi ju got use u happi lar still haf studi,0
thank winner notifi sm good luck futur market repli stop custom servic,1
babe lost,0
ok help ask she work tmr,0
im drive rain ill get caught e mrt station lor,0
drop tank,0
said text one time,0
ok go chang also,0
girl mani local u r virgin r readi fil ur everi sexual need u fil text cute å£ p,1
u find sitter kaitlyn sick slept day yesterday,0
sorri man accident left phone silent last night didnt check til got,0
hey someth came last min think wun sign tmr hee,0
he adult would learn experi there real danger dont like peep use drug dont need comment,0
hey there veggi pizza,0
yun buy school got offer plu,0
sure neighbor didnt pick,0
k sent,0
well im computerless time make oreo truffl,0
haha yeah see sec,0
number sir,0
lol im hot air balloon,0
ok bu come soon come otherwis tomorrow,0
msg r time passthey silent say think u right also make u think least moment gd ntswt drm shesil,0
yeah probabl swing roommat finish girl,0
got take take part wrc ralli oz u lucozad energi text ralli le p see pack lucozadecoukwrc itcould u,1
happi new year melodi,0
ìï dun need pick ur gf,0
yay better told girl either,0
horribl u eat mac eat u forgot abt alreadi rite u take long repli thk toot b b prepar wat shall eat,0
say fantast chanc anyth need bigger life lift lose live think would first person die n v q,0
nw came hme da,0
im outsid island head toward hard rock youll run,0
day class class,0
im chennai velacheri,0
flippin shit yet,0
k give sec break ltgt cstore,0
much bad avoid like,0
yo around got car back,0
annoy isnt,0
goodmorn today late ltgt min,0
there point hangin mr right he makin u happi,0
come alivebett correct good look figur,0
case guess ill see campu lodg,0
done,0
come home one last time wont anyth trust,0
night worri appt shame miss girl night quizz popcorn hair,0
sex ur mobil free sexi pic jordan text babe everi wk get sexi celeb pocketbabecouk pic å£ wk,1
ok c ya,0
new voicemail pleas call,1
said matter mind say matter,0
al moan n e thin goe wrong faultal de argument r faultf himso bother hav go thanxxx,0
neft transact refer number ltgt rs ltdecimalgt credit beneficiari account ltgt lttimegt ltgt,0
otherwis part time job natuit,0
know call,0
also da feel yesterday night wait til day night dear,0
thank understand ive tri tell sura,0
win year suppli cd store ur choic worth å£ enter å£ weekli draw txt music tsc,1
whole car appreci last two dad map read semi argument apart thing go ok p,0
sim subscrib select receiv bonu get deliv door txt word ok claim pmsg exp apr,1
need strong arm,0
also maaaan miss,0
bday real april,0
guessin aint gon na,0
ok come ur home half hour,0
yo game almost want go walmart soon,0
yeah probabl sure ilol let u know person wuldnt bother ur goin mite well,0
ill text creepi like wont think forgot,0
would good û ill phone tomo lunchtim shall organis someth,0
new voicemail pleas call,1
damn make tonight want wait til tomorrow,0
kkim also finewhen complet cours,0
true passabl get high score appli phd get year salari make life easier,0
nokia tone ur mob everi week txt nok st tone free get txtin tell ur friend ptone repli hl info,1
prakesh know,0
teach app da come colleg,0
rofl betta invest anti age product,0
sir receiv account anoth hr time sorri delay,0
repli name address receiv post week complet free accommod variou global locat php,1
ìll submit da project tmr rite,0
free entri å£ weekli comp send word enter tc cust care,1
ju an lar ull noe later,0
want send someth sell fast ltgt k easi money,0
got thing may pub later,0
finish meet call,0
lol ok ill snatch purs,0
edrunk sorri iff pthi make senrddnot dancc drum n basqihav fun nhite x ro xxxxxxx,0
much get,0
ur paper e morn aft tmr,0
dear reliev westonzoyland go plan end,0
hope great new semest wish best made great,0
oh ye speak txt u hmm u get email,0
want show world princess europ,0
nobodi decid eat dad want chines,0
shoot im doc wait room,0
im go dinner soon,0
hello site download song urgent pl,0
know u mean king havin credit im goin bed night night sweet sleep,0
horribl gal sch stuff come u got mc,0
hi hun im comin nitetel everi im sorri hope u ava goodtimeoli rang melnit ifink mite b sortedbut il explain everythin monl rsx,0
pleas call immedi urgent messag wait,1
yeah like goe like friend imma flip shit like half hour,0
mum say wan go go shun bian watch da glass exhibit,0
plan pongal,0
wait till end march el nino get oh,0
yet chikkugo room nw im bu,0
also cbe pay,0
honey boo im miss u,0
sent jd custom servic cum account execut ur mail id detail contact us,0
yo im parent gettin cash good news pick downstem,0
thank much skype wit kz sura didnt get pleasur compani hope good weve given ultimatum oh countin aburo enjoy,0
hungri gay guy feel hungri call pmin stop text call pmin,1
ok wahala rememb friend need,0
see half hour,0
im inperialmus listen weirdest track ever byåóleafcutt johnåósound like insect molestedsomeon plumbingremix evil men acid,0
hey sorri didntgiv ya bellearli hunni,0
serious tell exact word right,0
u get phone wan na chat set meet call u cum moro luv jane xx callså£ minmoremobsemspobox po wa,1
tee hee lectur cheeri bye bye,0
sorri chikku cell got problem tht nt abl repli u msg u,0
still havent collect dough pl let know go place sent get control number,0
ok,0
network oper servic free cs visit biz,1
let know contact ive settl room let know ok,0
wot u u weirdo,0
lor,0
dont put phone silent mode ok,0
meet ì depend ì wan lor,0
wait tv show start lor u leh still busi ur report,0
oh ho first time u use type word,0
one doesnt stalk profil,0
ever green quot ever told jerri cartoon person irrit u alway one love u vri much fail express gud nyt,0
ye thought thank,0
she drinkin im ok,0
wonder other took,0
night end anoth day morn come special way may smile like sunni ray leav worri blue blue bay gud mrng,0
dog must alway wait till end day word run time cell alreadi,0
happi new year u,0
heygreat dealfarm tour pm pax deposit may,0
eat jap done oso aft ur lect wat ìï got lect rite,0
hey babe saw came onlin second disappear happen,0
da birthdat certif april real date today dont publish shall give special treat keep secret way thank wish,0
happi birthday may ur dream come true,0
aiyah u ok alreadi lar e nydc wheellock,0
tell said eat shit,0
sure drive reach destin soon,0
k much th fifti,0
daili text ûò favour time,0
great hear settl well what happenin wit ola,0
cocksuck make feel better ipad worthless garbag novelti item feel bad even want one,0
tot u reach liao said tshirt,0
fran decid go n e way im complet broke knacker got bout c u mrw love janx ps dad fone credit,0
right ill make appoint right,0
design softwar develop may get chennai,0
enjoy jamster videosound gold club credit new videosound logosmusicnew get fun jamstercouk help call,1
get lion england tone repli lionm mono lionp poli go origin n best tone gbp network oper rate appli,1
jokin oni lar ìï busi wun disturb ì,0
ok care dont text drive,0
ill alway even spirit ill get bb soon tri sure need,0
u r much close heart u go away shatter plz stay,0
love u babe r u sure everyth alrit idiot txt bak girli,0
abt make pic bigger,0
got got colour lor one colour quit light n e darker lor actual im done she style hair,0
whenevr ur sad whenevr ur gray remembr im listn watevr u wan na say ju walk wid littl whileamp promis ill bring back ur smile,0
noth ok anyway give treat,0
win newest ûïharri potter order phoenix book repli harri answer question chanc first among reader,1
correct work today,0
sent scream moan bed princess,0
wake long ago alreadi dunno thing,0
oh get even u u,0
thk shd ok said plu minu ì leav line paragraph,0
call plz number show coveragd area urgnt call vasai amp reach clock call plz,0
yeah jay sort fuck retard,0
sorri bathroom sup,0
ur balanc å£ ur next question sang uptown girl answer txt ur answer good luck,1
exam februari wish great day,0
dont know come ask question like dont mistak,0
aight rush ill ask jay,0
good morn plz call sir,0
ok lar u sleep earli nite,0
oh icic k lor den meet day,0
oh half hour much longer syria canada eh wow must get much work done day us extra time grin,0
sometim put wall around heartsnot safe get hurt find care enough break wall amp get closer goodnoon,0
sweet may may go u meet carlo gaug patti interest,0
buy today ìï need c meh,0
aight sorri take ten year shower what plan,0
everi mondaynxt week vl complet,0
might ax well im,0
chill anoth hr could sleep pain surgic emerg see unfold okay,0
yeah ill tri scroung someth,0
crazi ar he marri ìï like gd look guy fren like say he korean leona fave dun thk aft think mayb prob ill go,0
somewher fredericksburg,0
que pase un buen tiempo someth like,0
ok stay night xavier sleep bag im get tire,0
doesnt need test,0
noth much chillin home super bowl plan,0
free day sexi st georg day pic jordantxt pic dont miss everi wk sauci celeb pic c pocketbabecouk å£ wk,1
bugi oso near wat,0
yo there class tmrw right,0
let ur heart ur compass ur mind ur map ur soul ur guid u never loos worldgnun sent via way smscom,0
goodnight sleep well da pleas take care pa pleas,0
baaaaab misss youuuuu go teach class,0
u ned convinc tht possibl witot hurt feel main,0
good afternoon loverboy goe day luck come way think sweeti send love across sea make smile happi,0
start send blackberri torch nigeria find buyer melik month tell dad buy bb anyon oh,0
ltgt pple marri lover becz hav gud undrstndng dat avoid problem sent di u u wil get gud news friday person like tomorrow best day life dont break chain break suffer send ltgt frnd ltgt min whn u read,0
yo dude guess got arrest day,0
shuhui say chang suntec steamboat u noe r u,0
danc river,0
yetund im sorri moji seem busi abl go shop pleas find way get want us get pleas forgiv repli free via yahoo messeng,0
hey realli pretti late want go lesson first join im reach tp mrt,0
hot live fantasi call p per min ntt ltd po box croydon cr wb k,1
bbq sat mine ish ur welcom come,0
dont know thing that wrong everyso often panick start goin bout bein good enough û,0
alright im outhav good night,0
tri make anoth butt,0
hope feel great pl fill abiola,0
though shd go n fun bar town someth ûò sound ok,0
go write msg put dictionari mode cover screen hand press ltgt gentli remov ur hand interest,0
bear pic nick tom pete dick fact type tri gay chat photo upload call pmin stop text call,1
new mobil must go txt nokia collect todayfrom å£ optout gbpmtmsg txtauction,1
final readi fyi,0
aunti huai juan never pick phone,0
doubl min doubl txt price linerent latest orang bluetooth mobil call mobileupd latest offer call optoutlf,1
ya tel wat ur problem,0
dnt wnt tlk wid u,0
spend day wait ideal path appear front us forget path made walk wait goodnight,0
ok arm feel weak cuz got shot go anoth time,0
pleas reserv ticket saturday eve chennai thirunelvali tirunelvali chennai sunday evei alreadi see netno ticket availablei want book ticket tackl,0
storm msg wen u lift phne u say hello u knw wt real mean hello name girl ye u knw dat girl margaret hello girlfrnd f grahmbel invnt telphon moralon get name person,0
that ok pop ask bout someth said youd around tonght wen girl come,0
e best ur exam later,0
hope ur head doesnt hurt much plough way pile iron stay chinki tonight come round like,0
oh ki think wi nz player unsold,0
haha got fast lose weight thk muz go month den got effect geelat go aust put bk e weight,0
wonder got onlin love gone net cafe get phone recharg friend net think boytoy,0
haha kid papa need drug,0
thk shld b ya wana go lesson haha go one whole stretch,0
oh ok,0
r still meet dinner tonight,0
that cool gentleman treat digniti respect,0
shall start hear,0
wait u lor need feel bad lar,0
check got detail messag,0
regist sinco paye log icicibankcom enter urn ltgt confirm bewar fraud share disclos urn anyon,0
decid peopl care stuff vote care stuff loser,0
kaiez enjoy ur tuition gee thk e second option sound beta ill go yan jiu den msg u,0
cool fun practic make babi,0
actual get readi leav hous,0
kkani special today,0
urgent import inform user today lucki day find log onto fantast surpris await,1
got ta,0
ive got ten buck jay noncomitt,0
hungri,0
pl speak custom machan,0
somewher beneath pale moon light someon think u dream come true goodnit amp sweet dream,0
dear uve invit xchat final attempt contact u txt chat pmsgrcvdhgsuit landsroww j hl ldn yr,1
wat ur opinion abt abt charact,0
jay snicker tell x total fuck chord speak,0
nofew hour beforew hair cut,0
wonder co dun rem see silver car thk saw black one,0
lmao take pic send,0
speak feel word better silenc gud mrng,0
she current scotland,0
work week,0
congratul ur award either å£ cd gift voucher free entri å£ weekli draw txt music tnc win ppmx age,1
lol great im get hungri,0
ye saw messag,0
ill mu like ltgt second,0
thing r good thanx got exam march ive done revis fran still boyf ive got ta interviw exet bit worriedx,0
tell make littl spreadsheet track whose idea smoke determin smoke much entir month februari,0
sale arsen dartboard good condit doubl trebl,1
dont look back build coat dont want get sick hurri home wear coat gym,0
pain person thought alway tri keep everybodi happi time nobodi recognis alon,0
thank love wish rock,0
intrepid duo great time see soon,0
ask sen come chennai search job,0
dad went oredi,0
ju hope true missin co im realli missin havent done anyth feel guilti yet,0
wat late still earli mah juz go dinner lor aiya dunno,0
arm fine how cardiff uni,0
fact leav think addi goe back school tue wed,0
cool breez bright sun fresh flower twitter bird wait wish u goodmorn amp nice day,0
yago restaur,0
ok askd u knw tht,0
free st week entri textpod chanc win gb ipod å£ cash everi wk txt pod tsc custcar,1
duck chinchilla,0
marriag function,0
look like u wil b get headstart im leav bout ish u r desper compani could head earlierw goin meet rummer,0
donû÷t give fli monkey wot think certainli donû÷t mind friend mine,0
regist optin subscrib ur draw å£ gift voucher enter receipt correct an what bbc chart,1
say thank,0
msg rajini come,0
ya ì take ure practic lesson start june,0
that good need drug,0
stupidit possibl,0
ì decid faster co si go home liao,0
summer final fanci chat flirt sexi singl yr area get match repli summer free join optout txt stop help,1
u sleep go take haha got spi wat onlin check n repli mail lor,0
clair havin borin time alon u wan na cum nite chat hope c u luv clair xx callså£ minmoremobsemspobox po wa,1
bought one rington get text cost pound offer tone etc,1
yalru lyfu astn chikku bt innu mundh lyf ali halla ke bilo marriageprogram edha lyf nt yet ovr chikkuali vargu lyfu meow meowd,0
kinda first one get twelv aah speak tomo,0
urgent mobil xxxxxxxxx å£ bonu caller prize nd attempt reach call asap,1
ok good later come find ì c lucki told ì go earlier later pple take finish ì,0
wat make u thk ill fall actual thk im quit prone fall lucki dad home ask come n fetch alreadi,0
guarante latest nokia phone gb ipod mp player å£ prize txt wordcollect tcllc nyusa pmt msgrcvd,1
wont touch permiss,0
hi luci hubbi meetin day fri b alon hotel u fanci cumin pl leav msg day luci x callså£ minmobsmorelkpobox hp fl,1
wonder world th th ur style th ur smile th ur person rd ur natur nd ur sm st ur love friendship good morn dear,0
take small dose tablet fever,0
oh u must taken real valentin shop first,0
sent email ûò address incomm right,0
gon na blake night might abl get littl earli,0
friendship game play word say doesnt start march end may tomorrow yesterday today e,0
nice waitshould text right im gon na pay ticket ya know,0
im watch lotr w si di aft u wan meet dinner nite,0
keep away like,0
think far find check googl map place dorm,0
trip ok quit tire lor uni start today ok co im take modul ju concentr final yr project,0
alway say welp,0
im guy browsin compulsori,0
puriti friendship two smile read forward messageit smile see name gud evng musthu,0
add dont realli care cant least get dude fuck hey money want,0
hello lover goe new job happi think wake slave send teas kiss across sea,0
told number gautham,0
tell need investig anywher,0
ok juz receiv,0
cant believ said mani thing morn realli want say good morn love beauti morn see librari later,0
account credit free text messag activ txt word credit tc,1
end might still vomit okay everyth come,0
moneya youmoney aint thinghow sha,0
everyth weather keep extra warm cold noth seriou pl lot vitamin c,0
hey gal anyon u go e drive centr tmr,0
im alway yahoo messeng send messag ill get may send mobil mode sha ill get repli,0
im put readi lttimegt,0
time n smile r two crucial thing life sometim time make us forget smile sometim someon smile make us forget time gud noon,0
sm ac jsco energi high u may know channel day ur leadership skill r strong psychic repli an wquestion end repli end jsco,1
hostbas idp linux system,0
hot live fantasi call p per min ntt ltd po box croydon cr wb nation rate call,1
dawhat plan,0
ill ltgt ok,0
oh god im almost home,0
total video convert free download type googl search,0
thank vote sing along star karaok mobil free link repli sing,1
sound like someth someon test would sayi,0
u love someon dont make love u much u love much dont want love anyon except gud nit,0
petei phone still jenni colleg leannewhat,0
oop sorri check dont mind pick tomo half eight station would ok,0
hey sweet wonder moment might come want send file someon wont go yahoo connect suck rememb set page go download format disc could tell know way download big file download stuff directli internet help would great prey teas kiss,0
how champ leav glasgow,0
kall bestcongrat,0
wonder youll get text,0
need come home give good lovin,0
brand new mobil music servic live free music player arriv shortli instal phone brows content top artist,1
shall ask one thing dont mistak,0
check wid corect spele ie sarcasm,0
urgent mobil award å£ bonu caller prize nd attempt contact call box qu bt nation rate,1
angri happen dear,0
thk u dun haf hint e forum alreadi lor co told ron n darren go tell shuhui,0
yup ok thanx,0
hict employe,0
pl pl find aunt nike,0
wow love sooo much know bare stand wonder day goe well love think miss,0
scream mean shout,0
hey happen de alright,0
pick receipt someth earlier,0
think chennai well settl,0
oh dang didnt mean send lol,0
unfortun ive found pick sister airport even dont think ill go tri go one th,0
horribl bf v hungri,0
rememb day,0
nokia get win free auction take part send nokia hgsuit land roww jhl,1
how feel mr real valentin yo valentin even tho u hardli play,0
sound good finger make difficult type,0
midnight earliest,0
your sure im tri make xavier smoke dont want smoke told smoke much,0
k come nordstrom your done,0
u konw waht rael friendship im gving yuo exmpel jsut ese tih msg evrey splle tih msg wrnog bt sitll yuo ra wihtuot ayn mitsak goodnight amp nice sleepsweet dream,0
press confer da,0
hello orang month free access game news sport plu free text photo messag repli ye term appli,1
complet degre use join financ,0
good afternoon love job prospect miss lazi bleak hmmm happi fill love,0
shant disturb u anymor jia,0
bishan lar nearer need buy earli co buy got ta park car,0
dont know oh,0
dude sux snake got old raiden got buff,0
say hi get ass back south tampa prefer kegger,0
e msg ju u said thank gift,0
u,0
ok dear call chechi,0
yeah tote u wan na,0
ok found di pierr cardin one look normal cost sale,0
good sleep rhythm person establish rhythm bodi learn use want know,0
wat r u,0
messag truro hospit ext phone phone side,0
singl line big mean miss anyth ur best life,0
got ga money chanc gang want go grand natur adventur,0
dnt worryus ice piec cloth packalso take tablet,0
dude saw park car sunroof pop sux,0
get readi put excel sub face,0
tmrw im finish door,0
ltgt g saw day ago guy want sell wifi ltgt g ltgt that blank,0
late,0
whatev im pretti piss,0
dont much imag class,0
noi got rumour go buy apart chennai,0
near kalainar tv officethenampet,0
ur cashbal current pound maxim ur cashin send go pmsg cc hgsuit land roww j hl,1
sm auction brand new nokia auction today auction free join take part txt nokia hgsuit land roww j hl,1
si catch e show e afternoon im watch w c u wan watch today tmr lor,0
sound gd haha wah u yan jiu fast liao,0
nosi guess idk react im freak,0
rememb hurt day satan impost mene pay priceso itmay destini keep go u said pray get mind get,0
make girl happi difficult make girl happi u need friend companion lover chef ltgt good listen ltgt organ ltgt good boyfriend ltgt clean ltgt sympathet ltgt athlet ltgt warm ltgt courag ltgt determin ltgt true ltgt depend ltgt intellig ltgt psychologist ltgt pest extermin ltgt psychiatrist ltgt healer ltgt stylist ltgt driver aaniy pudunga venaam,0
princess bet brotha chase,0
shall book chez jule half eight that ok,0
hhahhaahahah rofl wtf nig leonardo room someth,0
yep derek hous see sunday lt,0
cool let know kick around ltgt ill day,0
wonder would okay call uncl john let know thing nigeria r ltgt dollar year sent know strain plan pay back everi dime give everi dime expect anyth practic someth like,0
charg transfer charg withdraw anyhow like,0
dont search love let love find u that call fall love bcoz u dont forc u fall u know smeon hold u bslvyl,0
let go bill miller,0
love set soul fire spark flame big rawr flame xoxo,0
somewhr someon sure made u god decid perfect time make u meet dat person till den enjoy ur crush,0
that honeymoon outfit,0
help propos go back tomorrow,0
privat account statement show unredeem point call identifi code expir,1
never blame day ur life good day give u happi bad day give u experi essenti life god bless good morn,0
pl confirm time collect chequ,0
regist subscrib yr draw å£ gift voucher b enter receipt correct an next olymp txt an,1
urgent mobil number award å£ prize guarante call land line claim valid hr ppm,1
daddi take good care,0
yeah probabl still got ta check leo,0
kthen special,0
carlo take sweet time usual let know patti donew smoke ill tell haul ass,0
ok pa noth problem,0
heard job im go wildlif talk tonight u want come worzel wizzl whatev,0
god pick flower dippeditinadew lovingli touch itwhichturnedinto u gift tomeandsaidthi friend u,0
came hostel,0
ok prob ill come lunch,0
ju tell u dat ill b leav shanghai st instead well haf time meet cya,0
freez home yet rememb kiss mom morn love think miss yet,0
readi big day tomorrow,0
ill probabl around mu lot,0
rtking pro video club need help call must club credit redeem enjoy,1
thnx dude u guy nite,0
sef dey laugh meanwhil how darl anji,0
mm food da,0
k make sens btw carlo difficult guy gon na smoke go pick second batch get ga,0
u download fring app,0
oz guy kinda flaki one friend interest pick ltgt worth tonight possibl,0
friend u stay fb chat,0
fuck babe miss sooooo much wish sleep bed lone go sleep dream love,0
live simpl love also simpl laugh simpl win tooo simpl simpl difficult gud nte,0
u secret admir look make contact ufind rreveal think ur specialcal,1
ah well confus thing doesnû÷t,0
free text msg text ok well credit account,1
hi dear call urgnt dont know what problem dont want work problem least tell wate repli,0
dear ok,0
select stay top british hotel noth holiday worth å£ claim call london bx sw ss,1
ye princess want make happi,0
sound like mani talent would like go dinner date next week,0
go film day da pm sorri da,0
watch movi alreadi xy want shop im shop w,0
hello littl parti anim thought id buzz friend grin remind love send naughti ador kiss,0
yesterday go home,0
eeri nokia tone u rpli tone titl eg tone dracula titl ghost addamsfa munster exorcist twilight pobox w wq p,1
come life brought sun shini warm heart put constant smile face make feel love care,0
shit wasnt surpris went spent even french guy met town fool around bit didnt let fuck,0
anetwork allow compani bill sm respons supplier,1
great comedyc stop laugh da,0
freemsgfeelin kinda lnli hope u like keep compani jst got cam mobi wan na c pictxt repli date msg p rcv hlp stop,1
alright set text man,0
hi theyr keen go kind feel shouldnt go tomo dont mind,0
sleep nt feel well,0
u switch fone dammit,0
india take lead,0
ill post l r class,0
tht wat wright brother fli,0
even v good somewhat event laden fill dont worri û head ok throat wreck see six,0
u laugh realli loud u talk spontan u dont care other feel u probabl dear amp best friend goodeven dear,0
laptop take,0
dont file bagi work call mei tell find anyth room,0
wan earli lei outsid wun b home earli neva mind,0
ur chanc win å£ cash everi wk txt action tsc custcar x pwk,1
bugi juz wat im walk home oredi ìï late repli oso saw top dat like din buy r ì,0
go ok na,0
ye post coupl pic fb there still snow outsid im wake,0
sif one good partnership go take lead,0
rgent nd attempt contact uu å£ call b tcsbcm wc n xx callcost ppm mobilesvari maxå£,1
yeah where class,0
send bec templ na,0
arent come home class right need work shower,0
hi ur lookin sauci daytim fun wiv busti marri woman free next week chat sort time janinexx callså£ minmobsmorelkpobox hp fl,1
mostli like,0
ìï v fan,0
dunno co v late n reach insid alreadi ate spageddi lor e gal r laugh lor,0
guess spent last night phase fourth dimens,0
dad gon na call get work ask crazi question,0
yesbut said,0
hurt n meaning line ever compromis everyth love,0
lmaonic,0
glad see repli,0
urgent tri contact u today draw show å£ prize guarante call land line claim valid hr,1
monthli password wap mobsicom use wap phone pc,1
nah dub je still buff,0
pain word thought happi toughest thing earth,0
yeah that fine å£ get ok,0
lol u come idea,0
mani peopl seem special first sight remain special till last sight maintain till life end shja,0
okay wait ah,0
lei,0
hi babe u r like bed im sorri tonight realli wan na see u tomorrow call love xxx,0
alreadi squat new way walk,0
want bold bb torch,0
cramp stop go back sleep,0
today vodafon number end last four digit select receiv å£ award number match pleas call claim å£ award,1
free top rington sub weekli ringtoneget st week freesend subpoli per weekstop sm,1
nan sonathaya soladha boss,0
bring tat cd forget,0
dont know im rape dude poker,0
weightloss girl friend make load money ebay someth give thank god,0
gr see messag r u leav congrat dear school wat r ur plan,0
ìï eatin later im eatin wif fren lei ìï go home first,0
finish alreadi yar keep say mushi embarrass ok,0
sorri man stash ran dri last night cant pick sunday,0
hai priya right doctor said pa,0
free msg sorri servic order could deliv suffici credit pleas top receiv servic,1
pleas ask mummi call father,0
come room come hous co hous still messi haha,0
lost kilo today,0
tast fish curri p,0
might accid tookplac somewher ghodbandar rd traffic move slove plz slip amp dont worri,0
yun ahnow ì wkg wherebtw ì go nu sc ìï wana specialis wad,0
ye one woman man pleas tell like dislik bed,0
test earlier appreci call tomorrow,0
how loverboy keep come queen hmmm doesnt ach speak miss despar,0
u meet fren dun wan meet ah muz b guy rite,0
promis though havent even gotten dinner yet,0
got back dislik bed,0
turn stereo love mi phone unknown album,0
hard live chat pmin choos girl connect live call cheap chat uk biggest live servic vu bcm wc n xx,1
yeah dont see,0
ask u knw nt may ur frnd classmat,0
sorri earlier put firesar around talk actual life lol,0
wow boy r back take uk tour win vip ticket prebook vip club txt club trackmarqu ltd,1
missionari hook doggi hook stand,0
u better go sleep dun disturb u liao u wake msg lor,0
watch hous ûò entertain ûò get whole hugh lauri thing ûò even stick ûò inde especi stick,0
thought prap meant anoth one goodo ill look tomorrow,0
hi jon pete ive bin spain recent hav sum dinero left bill said u ur åôrent mayb interest hav pe around å£ tb jame,0
bold ltgt,0
know shall speak ltgt minut,0
alrit hunnywot u nite didnt end goin town ju da pub instead ju chillin da mo bedroomlov jen xxx,0
went project centr,0
per request maangalyam alaipayuth set callertun caller press copi friend callertun,0
lol yeah point guess,0
project w fren lor,0
lol well qualiti aint bad aint complain,0
k happen tonight,0
hi mandi sullivan call hotmix fmyou chosen receiv å£ easter prize drawpleas telephon claim prize transfer someon els,1
think go finn come,0
tire special,0
come tomorrow di,0
k go sleep well take rest,0
u guy never invit anywher,0
ur go bahama callfreefon speak live oper claim either bahama cruis ofå£ cash opt txt x,1
want pleas insid outsid bedroom,0
ey calm downon theacus itxt u co iwana know wotu r doin thewend haventcn u agesr ur neth satlov j xxx,0
love wine dine ladi,0
someon conact date servic enter phone fanci youto find call landlin pobox n tf,1
iåõm cool ta luv vtire caus doin load plan wk got social servic inspect nurseri take care spk sn x,0
know account detailsi ask mom send youmi mom reach,0
think u wrong number,0
feel alway happi slowli becom habit amp final becom part life follow happi morn amp happi day,0
b late love mum,0
got itmail panren paru,0
think chuckin ur red green n black trainner save carryin bac train,0
give one miss number pleas,0
ju came back fr lunch wif si u leh,0
schedul next week town weekend,0
realli gooddhanush rock,0
lmao ok wont need u hair anymor,0
miss ya need ya want ya love ya,0
sorri im free,0
u ever get song stuck head reason wont go away til u listen like time,0
nt yet chikkusimpl habbahw abt u,0
got ur mail dileepthank muchand look forward lot supportveri less contact hererememb one venugop mentionedtomorrow latei shall tri come till theregoodnight dear,0
sometim heart remembr someon much forget someon soon bcoz heart like everyon like one rememb everytim bslvyl,0
joy father john john name joy father mandan,0
hi ibh custom loyalti offer new nokia mobil å£ txtauctiontxt wordstart get,1
hi yiju regard textbook intro algorithm second edit im sell,0
sm auction nokia get win free auction take part send nokia hgsuit land roww jhl,1
k want us come,0
littl difficult simpl way enter place,0
ha us e thing got tv watch u thk go tonight u alreadi haf smth mind,0
dont show far put new pictur facebook,0
watch tv got new job,0
good afternoon sexi bun goe job search wake first thought alway love wish fine happi know ador,0
im come whatev want,0
ok chikku favourit song,0
u see post facebook,0
call freephon,1
buy space invad chanc win orig arcad game consol press game arcad std wap charg see coukgam term set purchas,1
big brother alert comput select u k cash voucher call ntt po box cro bt landlin cost ppm mobil vari,1
oh well c u later,0
uncl atlanta wish guy great semest,0
dear free messag without recharg hi hi hi,0
dun believ u thk u told,0
know god creat gap finger one made come amp fill gap hold hand love,0
yessura sun tvlol,0
arun u transfr amt,0
takin shower yeah ill leav im done,0
work eye philosophi text u later bit free chat,0
u havenåõt lost ill alway b ui didnåõt intend hurt u never knew u felt iwasmarinethatåõ itri tell urmomi careabout u,0
win winner mr foley ipod excit prize soon keep eye ur mobil visit,1
bad girl still rememb,0
much gave morn,0
hope alright babe worri might felt bit despar learn job fake wait come back love,0
hey tell blake address carlo want meet got lost he answer phone,0
get opinion someth first,0
one week leav put know time,0
hit move,0
excel spent ltgt year air forc iraq afghanistan stabl honest like travel,0
wan na watch movi,0
ok lor thanx ìï school,0
im class get text,0
bu leav ltgt,0
god blessget good sleep deari pray,0
today voda number end select receiv å£ award match pleas call quot claim code standard rate app,1
nice day today love dearli,0
aiyo bit pai seh ì noe scare dun rem die hee becom better lookin oredi leh,0
aight ill ask roommat,0
what hous beer,0
ì wan meet n combin part how da rest da project go,0
get ticket walsal tue th march mate get sat ill pay treat want go txt bak terri,0
ye chat,0
hi jess dont know work call u im home eve xxx,0
sian aft meet supervisor got work liao u work,0
go write ccna exam week,0
well watch shrek db,0
much dirti fellow,0
dunno dat wat told ok lor,0
ill probabl tomorrow even later tonight someth go,0
couldnt say die man feel sad go want know would probabl gone late night,0
your think lift one,0
u dun wan u dun like alreadi ah wat u still eat,0
sent ur email id soon,0
dude what teresa hope okay didnt hear peopl call receiv packag sinc dec ltgt thot yould like know fantast year best read plu realli realli bam first aid usml work done,0
hey gorgeou man work mobil number good one babe squishi mwah,0
hottest pic straight phone see get wet want xx text pic txt cost p textoper g ga xxx,1
that way stay oh,0
hello thanx take call got job start monday,0
time ur flight tmr,0
come,0
rather promin bite mark right cheek,0
septemb,0
wet right,0
how husband,0
hack chat get backdoor entri chat room fraction cost repli neo call subscrib p pm dp bcm box ldn wc n xx,1
norm tomorrow finish co st test need sort librari stuff point tomo got letter today access til end march better get move,0
yeah got list u joanna im feel realli anti social,0
offic na,0
comingdown later,0
super dagood replac murali,0
da good good playerwhi unsold,0
hi u want join st later meet five call u class,0
engalnd telli decid wont let watch mia elliot kiss damn,0
free nokia motorola upto mth price linerent free xnet min txtmth free btooth call mobileupd call optoutd wv,1
dont want hear philosophi say happen,0
got job wiproy get everi thing life year,0
cant get da laptop matric card wif ì lei,0
dunno da next show aft toa payoh got,0
nd time tri contact u u pound prize claim easi call p per min btnationalr,1
made payment dont much sorri would want fedex way,0
didt play one day last year know even though good team like india,0
kyou girl wait recept ah,0
say slowli godi love amp need youclean heart bloodsend ten special peopl amp u c miracl tomorrow itplspl,0
hate turn fun shop trip annoy day everyth would look hous,0
sir wait call,0
what want come onlin,0
could work well reach consensu next meet,0
aiyah wait lor u entertain hee,0
last thing ever want hurt didnt think would youd laugh embarass delet tag keep go far knew wasnt even fact even felt like would hurt show realli dont know messi wednesday wasnt bad problem time clean choos skype take pictur sleep want go dont mind thing dont make bed throw laundri top cant friend hous im embarass there underwear bra strewn bed pillow floor that someth els use good least make bed,0
ill let know kick,0
call ok said call,0
call number avail appoint ask connect call wahe fathima,0
ì go buy wif meet ì later,0
mmmm fuck fair know weak grin push knee expos belli pull head dont forget know wick smile,0
today system sh get readyal well also deep well,0
mom want know,0
aight ill text im back,0
dont know support ass srt thnk think ps play usb,0
oh ok didnt know meant yep babi jontin,0
guarante å£ cash å£ prizeto claim yr prize call custom servic repres,1
would like see xxx pic hot nearli ban uk,1
pen thing beyond joke wont biro dont master cant ever,0
parti alex nichol,0
u secret admir look make contact ufind rreveal think ur specialcal,1
see miss call dear brother gr day,0
ok ìï finish soon,0
sorri cant help,0
come slave go shell unconsci avoid make unhappi,0
love ass enjoy doggi style,0
think ask gym excus lazi peopl jog,0
dear xxxxxxx uve invit xchat final attempt contact u txt chat pmsgrcvdhgsuit landsroww j hl ldn yr,1
urgent pleas call landlin abta complimentari tenerif holiday å£ cash await collect sae tc box cw wx ppm,1
way home long dri spell season would,0
got ta collect da car lei,0
ok knacker came home went sleep good full time work lark,0
probabl earlier station think,0
call listen extrem dirti live chat go offic right total privaci one know sic listen p min mp,1
freemsg hey u got videop fone repli wild txt ill send u pic hurri im bore work xxx prcvd stop stop,1
uh head dont much left,0
tot u outsid co darren say u come shop cours nice wat ju went sim lim look mp player,0
aight sound good want come,0
wat would u like ur birthday,0
love work home,0
miss vday parachut doubl coin u must know well,0
sister got place birla soft da,0
free entri weekli comp chanc win ipod txt pod get entri std txt rate tc appli detail,1
wah oki oki muz make use e unlimit haha,0
therer peopl mu im tabl lambda,0
stop old man get build snowman snow angel snowbal fight,0
ello babe u ok,0
hello beauti r u ok ive kinda ad row wiv walk pub want night wiv u miss u,0
u go ikea str aft dat,0
becoz ltgt jan whn al post ofic holiday cn go fr post oficegot duffer,0
lol grr mom take forev prescript pharmaci like minut away ugh,0
real tho suck cant even cook whole electr im hungri,0
want go,0
new textbuddi chat horni guy ur area p free receiv search postcod gaytextbuddycom txt one name rpl stop cnl,1
time month mid time,0
fffff text kadeem far gone,0
leav yet ok lor go elsewher n eat u thk,0
fujitsu seri lifebook good,0
yar want scold u yest late alreadi got zhong se qing u ask b ask ill go w u lor n u still act real,0
dont know bring food,0
current food alon also,0
ill sch fr dun haf da book sch home,0
hello go villag pub either come accordingli ok,0
ok,0
call like ltgt time oh give us hypertens oh,0
dont give monkey wot think certainli dont mind friend mineal dont sleep wiv wud annoyin,0
omg could snow tonit,0
call tell u call claim å£ prize u enter ur mobil person detail prompt care,1
free st week entri textpod chanc win gb ipod å£ cash everi wk txt vpod tsc custcar,1
carri disturb,0
pa tell went bath,0
ju finish avatar nigro,0
r u scratch,0
hope great day,0
either idea know anyplac someth,0
plan usual stop find hella weed,0
fact your clean show know im upset prioriti constantli want,0
excel readi moan scream ecstasi,0
peopl dog area call join like mind guy arrang there even aå£ minapn ls bb,1
dude avatar imp one point thought actual fli room almost tri hittng one reflex,0
well done costa del sol holiday å£ await collect call toclaim sae tc pobox stockport sk xh costå£ pm max min,1
kkwhi cant come search job,0
got lousi sleep kept wake everi hour see cat want come worri cold,0
yeah ill leav coupl minut amp let know get mu,0
ì call make sure dat ive woken,0
hey go jazz power yoga hip hop kb yogasana,0
batteri mr adewal uncl aka egbon,0
wait minstand bu stop,0
oh ic thought meant mari jane,0
haha realli oh deduct lesson tmr,0
nah im goin wrk j wot bout u,0
eat shit wait ur monkey face bitch u asshol,0
good night go sleep,0
aight ill grab someth eat text your back mu,0
take someth pain move howev side next hr see doctor,0
lol oh babe wont slide place midnight thank invit,0
howz person stori,0
guess somebodi know secretli fanci wan na find give us call landlin datebox essexcm xn pmin,1
lol would awesom payback,0
free text messag valid decemb,1
honeybe said im sweetest world god laugh amp said waitu havnt met person read msg moral even god crack joke gmgngegn,0
thank tesco quit nice gone speak soon,0
what featheri bowa someth guy dont know,0
even cant close eye vava play umma,0
laptop noe infra slow lar wan fast one,0
guarante å£ award even å£ cashto claim ur award call free stop getstop php,1
nvm ok,0
enjoy ur life good night,0
ye meet town co go gep home could text bu stop dont worri well finish march û ish,0
that cool cum,0
delhi chennai still silent,0
lol alright thinkin haha,0
repli win å£ weekli fifa world cup held send stop end servic,1
im boat still mom check yo im half nake,0
shhhhh nobodi suppos know,0
sorri ill call later meet thing relat trade pleas call arul ltgt,0
hey late im amk need drink tea coffe,0
urgent pleas call landlin abta complimentari tenerif holiday cash await collect sae tc box cw wx ppm,1
length e e top shorter n got fring thk im go liao lazi dun wan distract u also,0
santha num corrct dane,0
basket gettin full might tonight,0
hi darlin ive got back realli nice night thank much lift see u tomorrow xxx,0
valentin huh proof fb page ugh im glad realli didnt watch rupaul show tool,0
free tone hope enjoy new content text stop unsubscrib helpp provid tone youcouk,1
eh den sat u book e kb liao huh,0
practis curtsey,0
lol boo hope laugh,0
yeh def someth sat,0
well leav class babe never came back hope nice sleep love,0
lmao where fish memori need,0
ill b go sch mon si need take smth,0
idea soon get convert live,0
themobyo yo yoher come new select hot download member get free click open next link sent ur fone,1
ssindia go draw seri mani year south african soil,0
goodmorn today late ltdecimalgt min,0
cant take major role commun outreach rock mel,0
shop lor rain mah hard leav orchard,0
hi birth lb oz mother babi brilliantli,0
see forward messag proof,0
cant keep go never intent run choos rather keep room clean dont say visitor mayb that best choic ye want embarass mayb youd feel feel friend want drop buy say happen morn ive tri everyth dont know els,0
dunno lei thk mum lazi go neva ask yet,0
whatev want know rule talk earlier week start happen show respons yet everi week bend rule way way whatev im tire thia argument everi week ltgt movi doesnt inlud preview your still get,0
beauti truth graviti read care heart feel light someon feel heavi someon leav goodmorn,0
great news call freefon claim guarante å£ cash å£ gift speak live oper,1
ambrithmaduraimet u arun dha marrgeremembr,0
read shame tell take run blame u ever realli ever long time,0
princess kitti shave natur,0
better bb wont use wife doctor,0
ya came ago,0
tomorrow onward eve work,0
anyth lor toa payoh got place walk meh,0
dont anybodi number still havent thought tact way ask alex,0
u win å£ music gift voucher everi week start txt word draw tsc skillgam winaweek age ppermesssubscript,1
movi theatr go watch unlimit movi pay,0
u lunch alon bore,0
ye obvious eggspert potato headû speak soon,0
nah man car meant cram full peopl,0
got new job bar airport satsgettin per hour mean lie keep touch,0
kalli readi bat nd inning,0
thanx birthday alreadi,0
ugh cant u apolog admit u wrong ask take u back,0
noe la u wana pei bf oso rite k lor day den,0
ye im small kid boost secret energi,0
im gon na miss u much,0
avatar suppos subtoitl,0
simpli sit watch match offic,0
jot thing want rememb later,0
oh sorri pleas,0
hey go lo lesson gym,0
dont pack buy storelik cereal must pack food pack gari someth ja miss,0
alway make thing bigger,0
ìï dun wan watch infern affair,0
wake afternoon sup,0
send pic like,0
okay book alreadi includ one bugi,0
aight fuck ill get later,0
de call time ill tell k,0
dont use hook,0
much blackberri bold nigeria,0
hi home calicut,0
hey darlin pick u colleg u tell wen mt love pete xx,0
call use ur min call cast pmin mob vari servic provid aom gbp month aom box er u stop age,1
oh thkin goin yogasana den nd go den rush parco nb oki lor u call readi,0
late need go n get da laptop,0
sir wait mail,0
pleas charg mobil get morn,0
noth got msg frm tht unknown,0
ugh fuck im resub eve,0
didnt see shadow get earli spring yay,0
one slice one breadstick lol,0
hey want crave miss need love ahmad saeed al hallaq,0
train tomorrow,0
urgent mobil å£ bonu caller prize nd attempt reach call asap box n qp ppm,1
pass di ur contact n see wat u get redim luv wid u blueu put smile face purpleu r reali hot pinku r swt orangei thnk lyk u greeni reali wana go wid u yelowi wnt u bck blackim jealou u browni miss nw plz giv one color,0
co daddi arrang time c wat time fetch ì mah,0
eldest know,0
who say hi drugdeal,0
hard believ thing like say lie think twice say anyth,0
eeri nokia tone u rpli tone titl eg tone dracula titl ghost addamsfa munster exorcist twilight pobox w wq p,1
sexi singl wait text age follow gender wither f eg f gay men text age follow g eg g,1
good night dear sleepwellamptak care,0
wondarful song,0
freemsg claim ur sm messagestext ok nowus web mobil ur mate etc join txt com pwk tc box la wu remov txtx stop,1
yar lor actual quit fast co da ge slow wat haha,0
must come later normal bath da afternoon mah,0
trust even isnt,0
hey hunonbu goin meet want go meal donyt feel like cuz get last bu homebut he sweet latelyxxx,0
freeringtonerepli real,1
take like noon,0
open mca,0
im aight wat happen side,0
im done oredi,0
sweet well princess pleas tell like dislik bed,0
wish great semest,0
moji love word rich day,0
dude like buff wind,0
alright babe,0
well done england get offici poli rington colour flag yer mobil text tone flag optout txt eng stop box w wx å£,1
im cant give everyth want need actual could better yor ownyouv got money cant get work cant get man cant pay rent cant even fill fuck ga tank ye im stress depress didnt even call home thanksgiv cuz ill tell im noth,0
skalli wont play first two odi,0
get cash togeth ill text jason,0
oh love soooo good hear omg miss much today im sorri problem provid thank tming,0
final chanc claim ur å£ worth discount voucher today text ye savamob member offer mobil cs savamob pobox uz å£ sub,1
probabl want pick,0
im done,0
cutest girl world,0
dice art class thru thank though idea time come tomorrow,0
sm servic inclus text credit pl goto login unsubscrib stop extra charg help po box ip,1
oh howda gud gud math en samachara chikku,0
thk lor dunno get ticket wat u,0
audri lousi autocorrect,0
site simul test give tough question test readi,0
anyway serious hit your back otherwis light armand alway shit andor vomit,0
fetch yun u fetch,0
thank like well,0
hmmm imagin youv come home rub feet make dinner help get readi date sure readi kind life,0
lara said loan ltgt,0
spare power suppli,0
yar quit clever aft mani guess lor got ask bring thk darren will go aiya thk leona still attach wat,0
winner special select receiv å£ cash å£ award speak live oper claim call pm cost p,1
yeah dont go bed ill back midnight,0
sunshin hol claim ur med holiday send stamp self address envelop drink us uk po box bray wicklow eir quiz start saturday unsub stop,1
well wasnt avail washob nob last night ask nickey platt instead,0
time week ryan,0
wish u mani mani return day happi birthday vikki,0
u win å£ music gift voucher everi week start txt word draw tsc skillgam winaweek age ppermesssubscript,1
hope know im still mad,0
argh g spotti anyway thing rememb research provinc sterl problemfre place look,0
xam hall boy ask girl tell start term di answer den manag lot hesit n lookin around silent said intha ponnungal ipaditan,0
know result,0
sorri im get feel realli bad total reject kinda thing,0
got shitload diamond though,0
tessypl favor pl convey birthday wish nimyapl dnt forget today birthday shija,0
well im go aunti,0
mine like fr china noisi,0
later guess needa mcat studi,0
sfrom train manual show tech processit password reset troubleshoot,0
b u voucher wc marsm log onto discount credit opt repli stop custom care call,1
spoke uncl john today strongli feel need sacrific keep he go call beg listen dont make promis make clear thing easi need pleas let us work thing long keep expect help creativ stifl pl keep happi promis part,0
carlo took leav minut,0
well done luv ya,0
came hostel,0
k still love,0
juz rememb got ta bath dog today,0
drug abl eat,0
alright took morphin back yo,0
see requir pleas,0
stayin troubl strangersaw dave day heåõ sort nowstil bloke u gona get girl mrur mum still think get getha,0
freemsg hey im buffi love satisfi men home alon feel randi repli c pix qlynnbv helpp msg send stop stop txt,1
collect ur laptop,0
ok later show around want cld drink wld prefer spend money nosh dont mind nxt wk,0
get home,0
waaaat lololo ok next time,0
tabl occupi im wait tree,0
sure dont forgot comei alway touch,0
hi kindli give us back document submit loan stapati,0
dont shall buy one dear,0
oh god happi see messag day,0
year mani mile,0
hey cuti goe wale kinda ok like hill shit still avent kill,0
sad stori man last week bday wife didnt wish parent forgot n kid went work even colleagu wish enter cabin pa said happi bday boss felt special askd lunch lunch invit apart went said u mind go bedroom minut ok sed sexi mood came minut latr wid caken wife parent kidz friend n colleagu scream surpris wait sofa nake,0
think go honesti road call bank tomorrow tough decis make us great peopl,0
free st week nokia tone ur mob everi week txt nokia get txting tell ur mate zed pobox w wq norm ptone,1
specialis work slave labor look month sha co shakara beggar,0
repli boy chang phone number,0
hi darlin im way london smash anoth driver big dent im realli miss u u xxx,0
noth realli make sure everybodi speed,0
im come home dinner,0
thank way lost,0
yesh good crickit mind,0
thx well month,0
pleas come imin towndontmatt urgoin outl r,0
wont wat wit guy,0
yavnt tri yet never play origin either,0
hiya good day spoken sinc weekend,0
see thought,0
get readi moan scream,0
oh k got job what,0
dont think dont need go late school night especi one class one miss last wednesday probabl fail test friday,0
pop ltgt ibuprofen help,0
babe goe day sip cappuccino think love send kiss across sea,0
ok,0
ps u ur grown right,0
chinatown got porridg claypot rice yam cake fishhead beehoon either eat cheap den go cafe n tok go nydc somethin,0
know peopl hit fuck ye,0
puriti friendship two smile read forward messageit smile see name gud evng,0
anyth specif regard jaklin idk fuck,0
oh god im gon na googl nearbi cliff,0
free camera phone linerent month cross ntwk min price txt bundl deal also avbl call call optoutj mf,1
yup shd haf ard page add figur ìï got mani page,0
ooh got im gon na start belli danc moseley wed u want join cafe,0
thankyou much call appreci care,0
congrat treat pendingi mail dayswil mail thrurespect mother homecheck mail,0
call one pick e phone ask alreadi said ok,0
hi email address chang,0
valuabl affection loveabl etern nobl truth intim natur enam happi valentin day advanc,0
much textin bout,0
bring got,0
im movi call wat,0
sure stomach,0
haha im dinner cousin,0
boy late home father power frndship,0
man carlo definit come mu tonight excus,0
soon real thing princess make wet,0
rajipl favour pl convey birthday wish nimya pl today birthday,0
haha leg neck kill amigo hope end night burn think could swing like hour,0
urgent mobil xxxxxxxxx å£ bonu caller prize nd attempt reach call asap box n qp ppm,1
usual bodi take care buy make sure doesnt progress pl continu talk saturday,0
urgent costa del sol holiday å£ await collect call toclaim sae tc pobox stockport sk xh costå£ pm max min,1
hmm well night night,0
want say holi shit guy werent kid bud,0
gettin bit arti collag mo well tryin ne way got roast min love shall enjoy,0
one day billion class right,0
goodmorn today late hr back pain,0
ok ill let noe later n ask call u tmr,0
ok im walik ard u wan buy anyth go ur hous,0
two carton u pleas shelv,0
nice talk pleas dont forget pix want see,0
guarante å£ cash å£ prize claim yr prize call custom servic repres pm cost p,1
realli quit funni lor wat u shd haf run shorter distanc wat,0
notic like look shit mirror your turn right freak,0
great get worri know wonder care person like best life know u r wonder god love,0
thank rington order ref number k mobil charg å£ tone arriv pleas call custom servic,1
prefer free day tue wed fri oso ìï ask workin lor,0
alrit jod how revis goin keri bin doin smidgin n e way u wan na cum collegexx,0
beliv come home,0
oh kkwhere take test,0
exact intent,0
haha money leh later got go tuition haha look empti slot drive lesson,0
hey thk juz go accordin wat discuss yest lor except kb sun co there nt much lesson go attend kb sat,0
k wen ur free come home also tel vikki hav sent mail also better come even il free today aftr pm,0
noth get msg di name wit differ no,0
what room number wan na make sure im knock right door,0
sicomo nolisten plaid albumquit gdthe new air hilariousalso boughtåóbraindanceåóa compofstuff aphexåõ abel,0
pl tell nelson bb longer comin money expect aint come,0
give someth drink take doesnt vomit temp might drop unmit howev let know,0
think sent text home phone cant display text still want send number,0
everi day use sleep ltgt,0
k ill call im close,0
u buy newspap alreadi,0
nope wif si lor aft bath dog bath look like go rain soon,0
boo im way mom she make tortilla soup yummmm,0
manag puzzel,0
find way didnt includ detail,0
hi ya babe x u goten bout scammer get smartthough regular vodafon respond get prem rate msgsubscript no use also bewar,1
back work morro half term u c nite sexi passion b go back chat luv dena call å£ minmobsmorelkpobox hp fl,1
like spoil,0
thank rington order ref number r mobil charg å£ tone arriv pleas call custom servic,1
get threat sale execut shifad rais complaint offici messag,0
hope thing went well doctor remind still need godid u c littl thing left loung,0
den wat e schedul b lk sun,0
lol enjoy role play much,0
ok watch tv,0
lov line hurt truth,0
check head drop stuff,0
got lot hair dresser fr china,0
sad stori man last week bday wife didnt wish parent forgot n kid went work even colleagu wish,0
ill call even ill idea,0
splashmobil choos gr tone wk subscrit servic weekli tone cost p u one credit kick back enjoy,1
show wot say could u c dust,0
take ltgt min,0
heard u call rude chat privat line cum wan c pic gettin shag text pix end send stop sam xxx,1
forward free entri å£ weekli comp send word enter tc,1
finish liao u,0
lost pound help,1
haha think,0
u know watchin lido,0
life spend someon lifetim may meaningless moment spent someon realli love mean life,0
haha awesom ive u coupl time all come,0
cold dont sad dear,0
think could stop like hour roommat look stock trip,0
telli brdget jone,0
hello r u im bore inev thought id get bore tv tell someth excit happen anyth,0
hmmbad newshyp park plaza studio takenonli left bedrm,0
sorri ill call later meet,0
r ì comin back dinner,0
hav almost reach call unabl connect u,0
wait yesterday,0
reach home safe n sound liao,0
velli good ye pleas,0
hi wkend ok journey terribl wk good huge back log mark,0
two letter copi co one messag speak soon,0
alex know guy sell mid he south tampa dont think could set like,0
dont messag offer,0
mobil mth updat free orang latest colour camera mobil unlimit weekend call call mobil upd freefon stoptx,1
hey babe u doin wot u nite love anni x,0
remind get shall,0
that v romant,0
hello damn christma thing think decid keep mp doesnt work,0
new messag pleas call,1
hi darlin im missin u hope good time u back time u give call home jess xx,0
forward hi mailbox messag sm alert messag match pleas call back retriev messag match,1
draw vai dont think,0
dont pick call someth import tell hrishi,0
nothin come mind ìï help buy hanger lor ur laptop heavi,0
ltgt that guess that easi enough,0
make babi yo tho,0
tell friend come round til like ltgt ish,0
friendship poem dear dear u r near hear dont get fear live cheer tear u r alway dear gud ni,0
still area restaur ill tri come back soon,0
aight thatll work thank,0
mobi pub quizwin å£ high street prize u know new duchess cornwal txt first name unsub stop å£ sp arrow,1
sleep bag blanket paper phone detail anyth els,0
nokia get win free auction take part send nokia hgsuit land roww jhl,1
congratul thank good friend u å£ xma prize claim easi call p per minut btnationalr,1
game thedailydraw dear helen dozen free game great prizeswith,1
guy,0
also chat awesom dont make regular unless see person,0
that signific dont worri,0
that caus old live high,0
waqt se pehl naseeb se zyada kisi ko kuch nahi miltazindgi wo nahi jo hum socht hai zindgi wo hai jo ham jeetey hai,0
way offic da,0
place want da,0
pain couldnt come wors time,0
stalk u,0
sorri dude dont know forgot even dan remind sorri hope guy fun,0
ok lor,0
app class varaya elaya,0
urgent mobil number å£ bonu caller prize nd attempt reach call asap box n qp ppm,1
day ask anand number,0
surf onlin store offer want buy thing,0
long beach lor expect u dinner,0
home way,0
fine thank,0
happen tell truth,0
like italian food,0
weird know one point,0
aww must nearli deadwel jez iscom todo workand whilltak forev,0
tell friend plan valentin day lturlgt,0
alright see bit,0
cheer messag zogtoriu iåõv stare phone age decid whether text,0
take care financi problemi help,0
tell dear happen talk like alian,0
doubl min txt orang price linerent motorola sonyericsson btooth freenokia free call mobileupd optouthv,1
hi yiju meet u tmr,0
posibl dnt live ltgt centuri cm frwd n thnk differ,0
dint slept afternoon,0
seem unnecessarili affection,0
yar els ill thk sort funni thing,0
download mani rington u like restrict choos u even send yr buddi txt sir å£,1
that cool day,0
pleas call immedi urgent messag wait,1
r go ltgt bu,0
hello love went day alright think sweet send jolt heart remind love hear scream across sea world hear ahmad al hallaq love own possess passion kiss,0
nohe join today,0
okay well thank clarif,0
ill talk other probabl come earli tomorrow,0
spook mob halloween collect logo pic messag plu free eeri tone txt card spook zed p per logop,1
money issu weigh thank breath easier ill make sure dont regret thank,0
hi im sorri miss call pl call back,0
fantasi footbal back tv go sky gamestar sky activ play å£ k dream team score start saturday regist nowski opt,1
ok need tell anyth go sleep good night,0
ok tri week end cours coimbator,0
tone club sub expir resub repli monoc mono polyc poli weekli p per week txt stop stop msg free stream,1
v nice sheffield tom air opinion categori b use measur ethnic next censu busi transcrib,0
r home come within min,0
boy love gal propsd bt didnt mind gv lv lttr bt frnd threw thm boy decid aproach gal dt time truck speed toward gal wn hit girld boy ran like hell n save ask hw cn u run fast boy repli boost secret energi n instantli girl shout energi n thi live happili gthr drink boost evrydi moral stori hv free msgsd gud ni,0
day ì say ì cut ur hair paragon call hair sens ì noe much hair cut,0
hmm mani unfortun pic obvious arent hot cake kinda fun tho,0
watch tv lor funni bluff wat izzit thk imposs us,0
xma prize draw tri contact u today draw show å£ prize guarante call land line valid hr,1
dunno lei neva say,0
thanx day u r goodmat think ur rite sari asusu u cheer love u franyxxxxx,0
im way home went chang batt watch go shop bit lor,0
ye place town meet excit adult singl uk txt chat pmsg,1
hi mobil ltgt ad contact list great place send free sm peopl visit fullonsmscom,0
good even sir hope nice day want bring notic late pay rent past month pay ltgt charg felt would inconsider nag someth give great cost that didnt speak howev recess wont abl pay charg month henc askin well ahead month end pleas help thank everyth,0
let want hous,0
best line said love wait till day forget u day u realiz u forget gn,0
reach ten morn,0
pussi perfect,0
someon contact date servic enter phone becausethey fanci find call landlin pobox w rg p,1
messageno responcewhat happend,0
also where piec,0
wiskey brandi rum gin beer vodka scotch shampain wine kudiyarasu dhina vaazhthukk,0
boo how thing im back home littl bore alreadi,0
first gain ltgt kg sinc took second done blood sugar test ok blood pressur within normal limit worri,0
pick ur fone u dumb,0
thank da thangam feel happi dear also miss da,0
okey doke im home dress co lay around ill speak later bout time stuff,0
dont run away frm u walk slowli amp kill u dont care enough stop,0
babe im back come back,0
well told other youd marri,0
neshanthtel r u,0
yo yo yo byatch whassup,0
oh kay sat right,0
hi roger cl,0
babe u want dont u babi im nasti thing filthyguy fanci rude time sexi bitch go slo n hard txt xxx slo msg,1
oh oh wast den muz chiong sat n sun liao,0
jesu christ bitch im tri give drug answer fuck phone,0
pleas give pick tuesday even ok,0
im meet darren,0
one best dialogu cute reltnship wen die,0
solv case man found murder ltdecimalgt ltgt afternoon wife call polic polic question everyon wife siri sleep murder took place cook cook garden pick veget housemaid went post offic children went play neighbour went marriag polic arrest murder immedi who repli reason u r brilliant,0
dear reach,0
aww that first time u said u miss without ask miss u first love,0
ok thanx gd nite ì,0
come right ahmad,0
lol pleas actual send pic right wan na see pose comb hair dryer someth,0
fp,0
huh mean comput scienc like dat one push n,0
could read love answer,0
oh lk tt den take e one tt end cine lor dun wan yogasana oso,0
madamregret disturbancemight receiv refer check dlf premaricakindli informedrgdsrakheshkerala,0
sm servic inclus text credit pl gotto login qxj unsubscrib stop extra charg help comuk cm ae,1
oic better quickli go bath n settl,0
err cud im go pm havent got way contact,0
bloo bloo bloo ill miss first bowl,0
lmao fun,0
oh k kbut big hitteranyway good,0
hey almost forgot happi bday babe love ya,0
valentin day special win å£ quiz take partner trip lifetim send go pmsg rcvd custcar,1
think move ltgt week,0
she find sent offlin messag know anjola,0
guess ithi first time creat web page read wrote im wait opinion want friend,1
txting drive,0
that good let thank god pleas complet drug lot water beauti day,0
realli dun bluff leh u sleep earli nite,0
indian r poor india poor countri say one swiss bank director say ltgt lac crore indian money deposit swiss bank use taxless budget ltgt yr give ltgt crore job indian villag delhi lane road forev free power supli ltgt social project everi citizen get monthli ltgt ltgt yr need world bank amp imf loan think money block rich politician full right corrupt politician itna forward karo ki pura india padhegm,0
uncl boy need movi oh guid plu know torrent particularli legal system slow gr day plu start co dont meet onlin honey moon,0
oh ya ya rememb da,0
btw regard realli tri see anyon els th guy commit random dude,0
ur chanc win å£ cash everi wk txt play tsc custcar x pwk,1
busi juz dun wan go earli hee,0
rightio well arent bright earli morn,0
great im church holla get,0
back brum thank put us keep us happi see soon,0
donno scorabl,0
ltgt great loxahatche xma tree burn updat total see star,0
ye dont care need bad princess,0
guy kadeem hasnt sell sinc break know one guy he paranoid fuck doesnt like sell without cant til late tonight,0
tmr ì brin lar aiya later come n c lar mayb ì neva set properli ì got da help sheet wif ì,0
u knw di ltgt,0
dun believ wat,0
kgive back thank,0
know complain num onlybettr directli go bsnl offc nd appli,0
okay ive seen pick friday,0
much pay suganya,0
left dessert u wan go suntec look u,0
abeg make profit start use get sponsor next event,0
onum ela pa normal,0
kkhow sister kid,0
cool ill text im way,0
nope meanwhil talk say make greet,0
cant talk nowi call candont keep call,0
anyth lar,0
rose need water season need chang poet need imaginationmi phone need ur sm need ur love frndship forev,0
good afternoon babe goe day job prospect yet miss love sigh,0
pick drop carso problem,0
si think wast rr,0
world famamu,0
come friday leav pongaldo get news work place,0
lol well dont without could big sale togeth,0
way,0
eat old airport road oredi got lot pple,0
sri cant talk phone parent,0
ok lor wat time ì finish,0
princess like make love ltgt time per night hope that problem,0
mm way railway,0
im done im sorri hope next space give everyth want rememb furnitur im around move lock lock leav key jenn,0
yet id like keep touch easiest way barcelona way ru hous,0
sppok ur mob halloween collect nokia logop messag plu free eeri tone txt card spook,1
urgent call landlin complementari tenerif holiday å£ cash await collect sae tc po box wa px ppm sender hol offer,1
kdo even daurgent,0
pansi youv live jungl two year drive worri,0
mm kanji dont eat anyth heavi ok,0
promis get soon youll text morn let know made ok,0
lol that differ dont go tri find everi real life photo ever took,0
dont thnk wrong call us,0
k ill drinkpa need sr model pl send mail id pa,0
aiyah e rain like quit big leh drizzl least run home,0
doc appoint next week im tire shove stuff ugh couldnt normal bodi,0
dun b sad dun thk abt alreadi concentr ur paper k,0
greet consid excus,0
drama plsi enough famili struggl hot sun strang placeno reason ego go invit actual necess gowait seriou reppurcuss,0
releas anoth italian one today cosign option,0
mu tri figur much money everyon ga alcohol jay tri figur weed budget,0
winner valu network custom hvae select receiv å£ reward collect call valid hour aclpm,1
hcl chennai requir fresher voic processexcel english neededsalari upto ltgt call mssuman ltgt telephon interview via indyarockscom,0
dai da send resum id,0
know ltgt ill around,0
yup ive finish c ì,0
rememb ask alex pizza,0
datoday also forgot,0
ola would get back mayb today told direct link us get car bid onlin arrang ship get cut u partnership u invest money ship take care restuwud b self reliant soon dnt worri,0
fwiw reason im around time smoke ga afford around someon tell appar happen somebodi want light,0
hello boytoy made home constant thought love hope nice visit cant wait till come home kiss,0
congrat kanowhr treat maga,0
u talk,0
yup,0
u wake alreadi wat u u pick us later rite im take sq reach ard smth like dat u check e arriv time c ya soon,0
yunni im walk citylink ì faster come hungri,0
er yep sure prop,0
hiya u pay money account thank got pleasant surpris check balanc u c dont get statement acc,0
u nokia plu free digit camera u get u win free auction take part send nokia pobox tcrw,1
ok ill send ltdecimalgt ok,0
bognor splendid time year,0
yesim offic da,0
ok ask abt e movi u wan ktv oso,0
misplac number send text old number wonder ive heard year best mcat got number atlanta friend,0
dunno lei might b eatin wif fren ì wan eat wait ì lar,0
free entri å£ weekli comp send word win tc,1
u noe send file comput,0
mmmmm love wake word morn miss love hope day goe well happi wait us togeth,0
jay say hell put ltgt,0
come sec there somebodi want see,0
sun anti sleep medicin,0
what happen gotten job begun registr perman resid,0
yup ok,0
glad went well come well plenti time clair goe work,0
ok enjoy r u home,0
pl pl send mail know rel come deliv know cost risk benefit anyth els thank,0
like,0
that haf combin n c lor,0
monthli amount terribl pay anyth till month finish school,0
hmmmhow mani player select,0
said gon na snow start around pm tonit predict inch accumul,0
dont send plu how mode,0
aiyo pleas ì got time meh,0
packag program well,0
sister belong famili hope tomorrow pray herwho fate shoranur train incid let hold hand togeth amp fuell love amp concern prior grief amp pain pl join di chain amp pass stop violenc women,0
guy ask get slipper gone last year,0
compani goodenviron terrif food realli nice,0
text get rington logo game question,1
honestli ive made love cup tea promptli drop key burnt finger get,0
yup studi surf lor im e lazi mode today,0
pleas sen kind advic pleas come tri,0
im done c ì,0
oh fine ill tonight,0
ìï give time walk,0
ill reach ard min ok,0
freemsg award free mini digit camera repli snap collect prize quizclub opt stop pwk sprwm ph,1
fuck babe happen come never came back,0
messag brought gmw ltd connect,1
friend want drive em someplac probabl take,0
also thk fast xy suggest one u dun wan ok go rain leh got gd,0
still get good,0
mayb pressi,0
yeah ill leav mayb ish,0
told dr appt next week think im gon na die told check noth worri didnt listen,0
room need,0
dont want hear anyth,0
hey leav friday wait ask superior tell,0
ultim tor motiv tui achiev korli,0
work time,0
û donû÷t worri weû÷ll finish march û ish,0
hous water dock boat roll newscast dabbl jazz flute behind wheel,0
congrat mobil g videophon r call videochat wid ur mate play java game dload polyph music nolin rentl bx ip p,1
next amaz xxx picsfre video sent enjoy one vid enough day text back keyword picsfre get next video,1
that go ruin thesi,0
sch neva mind u eat st lor,0
hey what u sleep morn,0
erm thought contract ran th octob,0
dunno let go learn pilat,0
u subscrib best mobil content servic uk å£ per ten day send stop helplin,1
yup im elabor safeti aspect issu,0
free tarot text find love life tri free text chanc free msg å£,1
goodmorn today late hr,0
hi happi birthday hi hi hi hi hi hi hi,0
outsid offic take,0
dont respond imma assum your still asleep imma start call n shit,0
aight see bit,0
superior tell friday leav depart except oursso leav youani way call wahe fathima hr conform,0
join uk horniest dog servic u sex nite sign follow instruct txt entri,1
lol take member said aunt flow didnt visit month caus develop ovarian cyst bc way shrink,0
still work go onit small hous,0
friend got say he up order gram he got ltgt get,0
tmr timin still da wat co got lesson,0
thatû÷ thing ape u fight death keep someth minut u let go that,0
im gon na abl late notic ill home week anyway plan,0
got fujitsu ibm hp toshiba got lot model say,0
oki thanx,0
gosh pain spose better come,0
usualiam fine happi amp well,0
oki,0
gon na get rimac access,0
im arestaur eat squid wan na dosometh late,0
call time job today ok umma ask speed,0
hello ucal wen u finish wrki fanci meetin wiv u tonit need break dabook hr last nite today wrk,0
r u sam p eachoth meet go hous,0
yeah lol luckili didnt star role like,0
hello madam,0
awesom text your restock,0
knock knock txt whose enter r weekli draw å£ gift voucher store yr choic tc age stoptxtstopå£ week,1
ye innoc fun,0
thank send mental abil question,0
sir hope day go smoothli realli hope wont bother bill cant settl month extra cash know challeng time also let know,0
marrow wed ltgt aha,0
went ur hon lab one,0
hey pple nightsexcel locat wif breakfast hamper,0
forward hi mailbox messag sm alert match pleas call back retriev messag match cc pmin,1
come,0
lol nah wasnt bad thank good b home quit realiti check how ur day u anyth websit,0
ok lor,0
im come home dinner,0
daal r ltgt,0
free ring tone text poli everi week get new tone yr å£ wk,1
unni thank dear rechargerakhesh,0
know im lack particular dramastorm detail part im worri,0
haha cant tmr forfeit haha,0
hey glad u r better hear u treat urself digi cam good r pm fab new year c u coupla wk,0
way im go back,0
urgent mobil xxx å£ bonu caller prize nd attempt reach call asap box n qp ppm,1
cal sir meet,0
that love hear v see sundayish,0
sorri da thangam sorri held prasad,0
tiwari rcbbattl bang kochi,0
thank god bed,0
dont cancer mom make big deal regular checkup aka pap smear,0
gobi art colleg,0
want talk,0
pandi join w technolog todayh got job,0
guarante latest nokia phone gb ipod mp player å£ prize txt word collect ibhltd ldnw h pmtmsgrcvd,1
tri get lost fact tee hee,0
friend use call,0
em olowoyey uscedu great time argentina sad secretari everyth bless,0
taxt massagetiepo argh ok lool,0
hi pleas get ltgt dollar loan ill pay back mid februari pl,0
might want pull case plan spend dont much confid derek taylor money manag,0
like shake booti danc floor,0
text get dont call phone problem,0
need drug anymor,0
sorri dai thought call lot timeslil busyi call noon,0
sarcasm nt scarcasim,0
great run ttyl,0
feel like tri kadeem v,0
dai ltgt naal eruku,0
yet chikkuwat abt u,0
want final lunch today,0
know dad back,0
hello darl today would love chat dont tell look like sexi,1
free st week nokia tone ur mob everi week txt nokia get txting tell ur mate pobox w wq norm ptone,1
remain bro amongst bro,0
r u meet da ge nite tmr,0
nice day impress sensibl went home earli feel fine bore when cant rememb,0
de look good,0
wan na get laid nite want real dog locat sent direct ur mobil join uk largest dog network txt park nyt ec lp å£ msg,1
tri contact respons offer new nokia fone camcord hit repli call deliveri,1
ye repli mail im go manag offic later plu bank later alsoor wednesday,0
that cool ill come like ltgt ish,0
super msg danalla time,0
good afternoon boytoy feel today better hope good boy obedi slave pleas queen,0
ft good combin,0
im sick im needi want pout stomp feet pout stomp feet want slave want,0
train back northampton im afraid,0
abj serv stay dad alon,0
playng door game gt race phone lol,0
new tone week includ mcflyall ab sara jorgeshock smithswitch order follow instruct next messag,1
im da bu go home,0
got call landlin number ask come anna nagar go afternoon,0
im okay chase dream what good next,0
yupz ive oredi book slot weekend liao,0
urgent tri contact u today draw show å£ prize guarante call land line claim c valid hr,1
r mani modelsoni ericson also der ltgt luk good bt forgot modl,0
ye know cheesi song frosti snowman,0
ya ok vikki vl c witin ltgt min il repli u,0
sport fan get latest sport news str ur mobil wk free plu free tone txt sport norm txt p,1
hey tmr meet bugi,0
urgent urgent free flight europ give away call b th sept take friend free call claim ba nnfwfli ppm,1
nice new shirt thing wear nudist theme mu,0
hey sexi bun day word morn ym think,0
whenev see still hook,0
nope im go home go pump petrol lor like go rain soon,0
use foreign stamp whatev send,0
lost å£ help,1
oh babi hous come dont new pictur facebook,0
feb ltgt love u day send di ur valu frnd evn come back ull gt marri person u luv u ignor di u lose ur luv evr,0
hiya sorri didnt hav signal havent seen heard neither unusu ill put case get sort hug snog,0
omw back tampa west palm hear happen,0
yup alreadi thanx print n hand,0
freemsg fanci flirt repli date join uk fastest grow mobil date servic msg rcvd p optout txt stop repli date,1
mean come chase state watch mani movi want,0
took tablet reaction morn,0
great new offer doubl min doubl txt best orang tariff get latest camera phone free call mobileupd free stoptxt tc,1
nah im perpetu dd,0
sorri de went shop,0
hope enjoy new content text stop unsubscrib helpp provid tone youcouk,1
hey still want go yogasana coz end cine go bath hav steam bath,0
nope im drivin neva develop da photo lei,0
think go reg pract lesson flung advanc haha wat time u go,0
cool ltgt inch long hope like big,0
housemaid murder coz man murder ltgt th januari public holiday govtinstituit closedinclud post officeunderstand,0
oki thanx,0
go n buy juz buy get lar,0
im work technic support voic process,0
justbeen overa week sinc broke alreadi brain go mush,0
tund wish great day abiola,0
nope c ì,0
well medic mission nigeria,0
movi laptop,0
urgent pleas call landlin å£ cash luxuri canari island holiday await collect tc sae award aq ppm ûï,1
urgent pleas call landlin complimentari lux costa del sol holiday å£ cash await collect ppm sae tc jame eh rr,1
havent lei next mon,0
mm feel sleepi today shall get dear,0
dare stupid wont tell anyth hear wont talk,0
ì noe ben go,0
mag meet avo point,0
meant middl left right,0
realli crash cuddl sofa,0
hi chachi tri call u unabl reach u pl give miss cal u c tiz msg kanagu,0
sent price mean ltgt g,0
noth,0
work ring u thing whole hous scream brat pull hair love u,0
famili respond anyth room went home diwali one call come make feel like die,0
tick tick tick babe,0
r ì go today meet,0
k dahow mani page want,0
ya nowonion roast,0
send number give repli tomorrow morn said like ok,0
said problem let know,0
ok tell half hr b u come need prepar,0
play w comput aiyah tok u lor,0
sat right okay thank,0
derp wors dude alway want parti dude file complaint three drug abus live,0
ok chines food way get fat your pay lipo,0
r outsid alreadi,0
good trip watch rememb get back must decid easter,0
yo watch movi netflix,0
time iû÷m prob,0
meh thgt clash realli ah dun mind dun seen lost weight gee,0
arr birthday today wish get oscar,0
open rebtel firefox load put plu sign user name place show two number lower number number pick number pin display okay,0
pick variou point,0
marri local women look discreet action real match instantli phone text match msg cost p stop txt stop bcmsfwc n xx,1
wow v v impress fun shop,0
way ur home,0
burger king wan na play footi top stadium get burger king st sept go larg super cocacola walk winner,1
problem talk later,0
ur si,0
still custom place,0
come take littl time child afraid dark becom teenag want stay night,1
dude u knw also telugutht gudk gud nyt,0
confirm eat esplanad,0
send id password,0
kind took garag centr part exhaust need replac part order n take fix tomo morn,0
ur chanc win å£ cash everi wk txt action tsc custcar x pwk,1
well might come,0
long quit get like minut day,0
like call mittelschmertz googl dont paracetamol dont worri go,0
well right im gon na get check today steam salespe text want come get,0
arriv see coupl day lt,0
k wat tht incid,0
yeah get unlimit,0
cthen thk shd b enuff still got conclus n content pg n refer ill b da content pg n cover pg,0
forgot take year shower sorri atyour phone dead yet,0
ìï got wat buy tell us ì need come,0
big god bring success,0
uûªv bin award å£ play instant cash call claim everi th player win min å£ å£ optout,1
û r stayin extra week back next wed rugbi weekend hi c u soon ham,0
campu librari,0
affidavit say ltgt e twigg st divis g courtroom ltgt lttimegt ill doubl check text tomorrow,0
creep,0
get ten billion call text help god,0
ive told ive return order,0
housemaid murder coz man murder ltgt th januari public holiday govtinstituit closedinclud post offic,0
depend u go lor,0
smile right go world wonder smile think crazi keep away grin,0
freemsgfav xma tonesrepli real,1
lil fever fine,0
think still car,0
decemb mobil mth entitl updat latest colour camera mobil free call mobil updat co free,1
ye princess want catch big strong hand,0
oh yeah forgot u take shop,0
mm ask call radio,0
thinkin someon good drug,0
enjoy shower possess pour u ur love one bcoz world lie golden gift love truli,0
alright your sure let know your leav,0
last much hour might get lucki,0
geniu what brother pl send number skype,0
gr poli tone mob direct u rpli poli titl eg poli breath titl crazyin sleepingwith finest ymca getzedcouk pobox w wq p,1
thk em find wtc far weiyi goin e rest dunno yet r ur goin dinner den might b abl join,0
dont forget own who privat properti good boy alway passion kiss,0
interflora åòit late order interflora flower christma call place order midnight tomorrow,1
oh godtaken teethi pain,0
romcapspam everyon around respond well presenc sinc warm outgo bring real breath sunshin,1
u ask darren go n pick u lor oso sian tmr haf meet lect,0
need buy lunch eat maggi mee,0
congratul thank good friend u å£ xma prize claim easi call p per minut btnationalr,1
oh right ok ill make sure load work day got realli nasti cough today dri n shot realli help,0
send logo ur lover name join heart txt love name name mobno eg love adam eve yahoo pobox w wq txtno ad p,1
thanx send home,0
normal hot mail com see,0
youv tkt euro cup final å£ cash collect call b pobox ppm,1
u sick still go shop,0
ya well fine bbdpooja full pimpleseven becom quit blackand ur rite cold wear sweatter,0
nicenicehow work,0
reach home call,0
tri find chines food place around,0
easi mate guess quick drink bit ambiti,0
babe miiiiiiissssssssss need crave geeee im sad without babe love,0
ok thanx,0
tunji how queen wish great day abiola,0
today iz yellow rose day u love frndship give misscal amp send ur frndz amp see mani miss call u get u get miss u marri ur lover,0
class hour sorri,0
wat time u finish ur lect today,0
freemessag jamsterget crazi frog sound poli text mad real text mad crazi sound gbpweek tc appli,1
chanc realiti fantasi show call p per min ntt ltd po box croydon cr wb nation rate call,1
she fine good hear dear happi new year oh,0
go wipro interview today,0
tall princess,0
doubt could handl time per night case,0
haha hope ì hear receipt sound gd luck,0
gon na death im gon na leav note say rob fault aveng,0
japanes proverb one u none itu must indian version one let none itleav final kerala version one stop none make strike,0
today im workin free oso gee thgt u workin ur fren shop,0
life face choic toss coin becoz settl question coin air u know heart hope gudni,0
want kiss feel next,0
happi say,0
adult content video shortli,1
ok would b love u r sure think wot u want drinkin dancin eatin cinema u wot,0
im say havent explicitli told nora know someon im probabl gon na bother,0
smith wast dai wan na gayl,0
mum ive sent mani mani messag sinc got want know actual get enjoy rest day,0
aight tomorrow around ltgt,0
chanc realiti fantasi show call p per min ntt ltd po box croydon cr wb nation rate call,1
actual first time went bed long spoke woke night,0
see,0
dont understand messag,0
crucifi c told earlier,0
idk keep say your sinc move keep but head freedom vs respons im tire much shit deal im bare keep togeth get ad,0
fuck cedar key fuck come anyway tho,0
twenti past five said train durham alreadi coz reserv seat,0
hey boy want hot xxx pic sent direct ur phone txt porn hr free p per day stop text stopbcm sf wc n xx,1
u still paint ur wall,0
printer cool mean groovi wine groovi,0
hi harish rent transfr ur acnt,0
anyth lor come,0
cbe realli good nowadayslot shop showroomsc shape good,0
ìï still attend da talk,0
prob hon u doinat mo,0
k ill take care,0
take didnt phone callon friday assum wont year,0
batteri low babe,0
shuhui bought ron present swatch watch,0
yeah there quit bit left ill swing tomorrow get,0
babe said hour almost internet,0
k ill sure get noon see what,0
kkyesterday cbe,0
went ganesh dress shop,0
pdatenow doubl min txt orang tariff latest motorola sonyericsson nokia bluetooth free call mobileupd call optoutyhl,1
ìï collect ur laptop go configur da set izzit,0
aight latest probabl closer jay tyler two trip,0
come aftr ltdecimalgt clean hous,0
ur cashbal current pound maxim ur cashin send cash pmsg cc po box tcrw,1
bill letter iûªm expect one orang isnûªt bill may still say orang,0
tell pa pain de,0
hi darlin hope nice night wish come cant wait see love fran ps want dirti anal sex want man gang bang,0
ha donû÷t know either clever simpl thing pear day perfect christma,0
helloooo wake sweet morn welcom enjoy day full joy gud mrng,0
alrit,0
must sit around wait summer day celebr magic sight world dress white oooooh let snow,0
urgent mobil number award å£ prize guarante call land line claim valid hr,1
guy go see movi side,0
didnt tell thatnow im think plu he go stop run,0
kindli send one flat ltdecimalgt today,0
sorri u unsubscrib yet mob offer packag min term week pl resubmit request expiri repli themob help info,1
noth lor bit bore dun u go home earli sleep today,0
time tell friend around,0
ye fine love safe,0
thank chikku gud nyt,0
xy ur car u pick,0
thanx time weåõv spent geva bin mint ur babi want uxxxx,0
yo way could pick someth tonight,0
ive sent send,0
fine simpli sit,0
tht god gift bird human hav natur gift frm god,0
come day class,0
im done studyn librari,0
ok u enjoy ur show,0
anyth,0
wuld without babi thought alon mite break donåõt wan na go crazi everyboy need ladi xxxxxxxx,0
wat dear sleep ah,0
hi test ltgt rd,0
student solv cat question xam ltgt ltgt ltgt tell answer u r brilliant thingi got answr,0
yo know anyon ltgt otherwis abl buy liquor guy flake right dont get hold somebodi loko night,0
yup n fren lor im meet fren,0
yeah got one line us,0
stop wonder wow ever go stop tming tm whenev want mine laugh,0
lol yep yesterday alreadi got fireplac anoth icon sit,0
hey ive book pilat yoga lesson alreadi haha,0
ok happen behav like,0
new messag pleas call,1
supervisor find one lor thk student havent ask yet tell u aft ask,0
hello news job make wait fifth week yeah im woozl weasel exet still home,0
current messag await collect collect messag call,1
hey babe sorri didnt get sooner gari come fix caus think know doesnt go far ptbo say cost ltgt buck dont know might cheaper find someon dont second hand machin right let know want babe,0
make fuck sake x,0
leav u alway ignor,0
nope ill b go sch fri quit earli lor co my si got paper da morn,0
bruce b down amp fletcher,0
said would woke,0
hey free call,0
tell who pl,0
urgent mobil award å£ bonu caller prize final attempt contact u call,1
think might give miss teach til twelv lectur two damn work thing,0
id check there like bowl worth left,0
ye mani sweet,0
would im still cozi exhaust last nightnobodi went school work everyth close,0
buzzzz grin buzz ass buzz chest buzz cock keep phone vibrat feel shake,0
sir send group mail check,0
im da intro cover energi trend n pro n con brief descript nuclear fusion n oso brief histori iter n jet got abt n half page,0
nonenowher ikno doesdiscountshitinnit,0
dont know jabo abi,0
ever notic your drive anyon go slower idiot everyon drive faster maniac,1
yet hadya sapna aunti maneg yday hogidhechinnu full weak swalpa black agidhan,0
good babi,0
mostli sport typelyk footblcrckt,0
head dey swell oh thank make day,0
u make fb list,0
sari need tim bollox hurt lot tol,0
happi new year princess,0
ill text carlo let know hang,0
dont worri easi ingredi,0
love u littl poci bell sorri love u,0
ok omw castor,0
yar lor keep rain non stop u wan go elsewher,0
xma offer latest motorola sonyericsson nokia free bluetooth dvd doubl min txt orang call mobileupd call optout qf,1
u mean u almost done done wif sleep tot u go take nap yup send liao im pick ard smth lor,0
tonight yeah id,0
eat fo lunch senor,0
said right giggl saw u would possibl first person die nvq think much could,0
break time one come n get stuff fr ì,0
repli win å£ weekli profession sport tiger wood play send stop end servic,1
im see cant see mayb reboot ym seen buzz,0
still grinder,0
polyphon tone ur mob everi week txt pt st tone free get txtin tell ur friend ptone repli hl info,1
ki didt see youkwher,0
im list buyer,0
idea guess well work hour suppos leav sinc usual nobodi interest figur shit last second,0
mm entir sure understood text hey ho weekend,0
releas vday shirt u put make bottom half nake instead white underwear,0
knowh watch film comput,0
b thursday,0
oh phone phone disconnect,0
id onluy matter get offcampu,0
messag free welcom new improv sex dog club unsubscrib servic repli stop,1
excel ill see riley plan,0
ew one,0
also hi wesley howv,0
ah see lingo let know wot earth finish make,0
updatenow mth half price orang line rental minscal mobileupd call optoutj q,1
imagin life without see fast u search medont worri lm alway disturb u goodnoon,0
hm good morn headach anyon,0
yeah prob last night obvious catch speak soon,0
free unlimit hardcor porn direct mobil txt porn get free access hr per day txt stop exit msg free,1
might go sch yar e salon v bore,0
ltgt min stop somewher first,0
ltgt fast approach wish u happi new year happi sankranti happi republ day happi valentin day happi shivratri happi ugadi happi fool day happi may day happi independ day happi friendshipmotherfatherteacherschildren day amp happi birthday u happi ganesh festiv happi dasara happi diwali happi christma ltgt good morn afternoon even night rememberi first wish u theseyour raj,0
one joy lifei wake daywith thought somewheresomeon care enough tosend warm morn greet,0
didnt get second half messag,0
wat time u wan meet later,0
thank much selfless love plenti,0
film ill call later,0
dare chang ring,0
bad girl ladi,0
love ya tri budget money better babe gari would freak knew,0
part dont initi dont understand,0
finish lunch alreadi u wake alreadi,0
still game,0
got tallent wast,0
record one night,0
also sir sent email log usc payment portal ill send anoth messag explain thing back home great weekend,0
gon na let know co come bak holiday day come dont get text number,0
jokin lar depend phone father get lor,0
aight lem know what,0
get readi ltgt inch pleasur,0
ok feel like john lennon,0
co darren say ì consid mah ask ì,0
bother trust answer pl,0
one day crab run sea shoreth wave came n clear footprint crab crab ask frnd r u clear beauti footprint wave repli fox follow ur footprint catch that clear frndsship never let u dwn gud nyt,0
aight time want come,0
slaaaaav must summon time dont wish come anymor,0
bill å£ that bad,0
let know chang next hr even appendix age rang howev imposs chill let know hr,0
hello yeah ive got bath need hair ill come im done yeah,0
how weather,0
ok much though hm friday cant wait dunno wot hell im gon na anoth week becom slob oh wait alreadi done,0
die e toot fring,0
lol dont know awesom phone could click delet right want,0
awesom question cute answer someon ask boy ur life smile amp answer fine gudnit,0
pleas leav topicsorri tell,0
pl send correct name da,0
happen yo date,0
webpag avail,0
woke yeesh late didnt fall asleep til ltgt,0
unsubscrib servic get ton sexi babe hunk straight phone go subscript,1
dear know ltgt th ltgt th birthday love gopalettan plan give small gift day like particip welcom pleas contact admin team detail,0
kkfrom tomorrow onward start ah,0
u talk bout earli morn almost noon,0
fine rememb,0
hi babe jordan r u im home abroad lone text back u wan na chat xxsp visionsmscom text stop stopcost p,1
ok mani buy,0
sound good keep post,0
get brand new mobil phone agent mob plu load goodi info text mat,1
ok april cant wait,0
boy best get yo ass quick,0
ay wana meet satì wkg sat,0
im wait till bu pick,0
apart one told yesterday,0
ok lor buy wat,0
somebodi go andro steal ice,0
know didt msg recent,0
take us shop mark distract isaiahd,0
mum hope great day hope text meet well full life great day abiola,0
sens foot peni,0
okay thought expert,0
deep sigh miss realli surpris havent gone net cafe yet get dont miss,0
ssi thinl role like sachinjust stand other hit,0
great trip india bring light everyon project everyon lucki see smile bye abiola,0
importantli discuss u,0
kkhow train process,0
ok lor ned go toa payoh return smth u wan send wat,0
da car park,0
wish hold tightli make see import much mean much need life,0
ask how anthoni dad bf,0
wnevr wana fal luv vth book bed fal luv vth yen madodu nav pretsorginta nammanna pretsovru import alwa gud eveb,0
go take bath ill place key window,0
lord ringsreturn king store nowrepli lotr june chanc win lotr soundtrack cd stdtxtrate repli stop end txt,1
dear take care reach homelov u lot,0
staffsciencenusedusgphyhcmkteachingpc,0
emigr someth ok mayb bit hope,0
olol print forum post guy exact prob fix gpu replac hope dont ignor,0
walk mom right stagwood pass right winterston left victor hill address ltgt,0
yo jp hungri like mofo,0
creepi crazi,0
ok din get ur msg,0
pathaya enketa maraikara pa,0
even friend priest call,0
u lousi run alreadi come back half dead hee,0
that said bad dat e gal know u wat u,0
remind hr,0
hope would send messag rent due dont enough reserv complet gone loan need hope could balanc ltgt way could get till mid march hope pay back,0
hi happi new year dont mean intrud pl let know much tuition paid last semest much semest thank,0
hello hun ru way im good date guy met walkabout far meet soon how everyon els,0
lol gon na last month cash left ltgt case collect week caus announc blog,0
good luck draw take place th feb good luck remov send stop custom servic,1
short cute good person,0
havent decid yet eh,0
wat time liao still got,0
ye watch footi worri go blow phil nevil,0
wait ì insid da car park,0
uncl abbey happi new year abiola,0
free call pa,0
r u say order slipper co pay return,0
stop know well,0
good even roger,0
small problem auctionpunj ask tiwari,0
tell tell one treat hi hi hi,0
st wk free gr tone str u wk txt nokia classic nokia tone hit poli nokia p poli p,1
u come pick,0
that cool like photo sexi,0
would u fuckin believ didnt know thur pre book cancel need b sack,0
haha better late ever way could swing,0
ok finish,0
lookatm thank purchas video clip lookatm youv charg p think better send video mmsto,1
ive bar b q store lifethi twat orang dungere came ask want deck got first punch,0
messag food,0
ok go sleep hope meet,0
let know detail fri u find co im tom fri mention chines thank,0
your right think,0
wat r u,0
ur lectur,0
sexi sexi cum text im wet warm readi porn u fun msg free recd msg p inc vat cancel text stop,1
custom place call,0
plan yet go join compani jan onlydon know happen,0
boy love u grl hogolo boy gold chain kodstini grl agalla boy necklac madstini grl agalla boy hogli mutai eerulli kodthini grl love u kano,0
haha heard text your around,0
ill get tomorrow send,0
shit babe thasa bit mess upyeh,0
oh that late well good night give u call tomorrow iam go go sleep night night,0
cheer u tex mecaus u werebor yeah okden hunni r uin wk satsoundåõ likeyour havin gr fun j keep updat countinlot lovem xxxxx,0
sorri meet ill call later,0
yo howz u girl never rang india l,0
yeah wors,0
tag friend seem count friend,0
long time rememb today,0
havent shop lor juz arriv,0
thank u better work caus feel use otherwis,0
challeng know,0
much ur hdd case cost,0
mysteri solv open email he sent anoth batch isnt sweeti,0
cant describ lucki im actual awak noon,0
nd time tri contact u u å£ prize claim call b tcsstop sm ppm,1
cheer card time year alreadi,0
ugh hope asu ppl dont randomli reformat,0
havent seen facebook huh lol,0
mah b ill pick tomorrow,0
still otsid leu come morrow maga,0
u still plumber tape wrench could borrow,0
dear voucher holder claim week offer pc pleas go tsc appli,1
vl bcum difficult,0
havent still waitin usual ìï come back sch oredi,0
meet da call,0
k k watch film,0
cinema plu drink appeal tomo fr thriller director like mac,0
size eleph tablet u shove um ur ass,0
mani peopl seem special first sight remain special till last sight maintain till life end take cr da,0
parent kidz friend n colleagu scream surpris wait sofa nake,0
dunno juz askin co got card got salon call hair sens tot da one ì cut ur hair,0
good morn pooki pie lol hope didnt wake u,0
mayb woke fuck wouldnt problem,0
happi birthday youdearwith lot loverakhesh nri,0
nd time tri contact u u pound prize claim easi call p per min btnationalr,1
x ltgt go get,0
hi neva worri bout da truth coz truth lead ur heart itåõ least uniqu person like u deserv sleep tight morn,0
ur award citi break could win å£ summer shop spree everi wk txt store skilgmetscswinawkag å£ perwksub,1
ur paper today e morn aft,0
lick everi drop readi use mouth well,0
expect whenev text hope goe well tomo,0
great p diddi neighbor come toothpast everi morn,0
av new number wil u use oneta,0
poke man everyday teach canada abi say hi,0
lor chang suntec wat time u come,0
deam see onlin shop ask,0
curiou cuz ask,0
okay lor wah like def wont let us go haha say term condit,0
haha yup hope lose kg mon hip hop go orchard weigh,0
she good r u work,0
oh ye ive littl weather ive kind coccoon home,0
home also,0
phone weirdest auto correct,0
oop phone die didnt even know yeah like better,0
havent mu ask u st wat meet lunch den u n meet alreadi lor u wan go ask da ge st confirm w asap,0
said u mind go bedroom minut ok sed sexi mood came minut latr wid caken wife,0
oh yeahand hav great time newquaysend postcard look girl im goneu know im talkin boutxx,0
got divorc lol she,0
what ur pin,0
babe got enough money pick bread milk ill give back get home,0
want snow freez windi,0
urgent tri contact u today draw show å£ prize guarante call land line claim valid hr,1
come mahal bu stop ltdecimalgt,0
knowthi week im go tirunelvai da,0
babi promis treat well bet take good care,0
like hotel dusk game think solv puzzl area thing,0
thank rington order refer number x mobil charg tone arriv pleas call custom servic,1
hi love goe day fuck morn woke drop cell way stair seem alright phew miss,0
well must pain catch,0
sorri da thangamit mistak,0
need coz never go,0
rose redr bloodblood heartheart u u send ti ur friend includ u like u get back u r poor relat u need support u r frnd mani luv u pray god marri u tri,0
ur cashbal current pound maxim ur cashin send collect pmsg cc po box tcrw,1
feel like dick keep sleep text facebook messag sup town,0
plm come da way,0
guess want alon time could show watch,0
height recycl read twice peopl spend time earn money money spent spend time good morn keep smile,0
yup ì comin,0
ye princess toledo,0
aight text your back mu ill swing need somebodi get door,0
ron say fri leh n said ding tai feng cant make reserv said wait lor,0
good swimsuit allow,0
okay soon best,0
cute thought friendship necessari share everi secret ur close frnd,0
ok ive sent u da latest version da project,0
pl accept one day beg chang number,0
squeeeeez christma hug u lik frndshp den hug back u get u r cute u r luvd u r lucki none peopl hate u,0
ok anybodi ask abt u tel themp,0
funni fact nobodi teach volcano erupt tsunami aris hurrican sway aroundn teach hw choos wife natur disast happen,0
gon na ring weekend wot,0
also track lighter find,0
babe need advic,0
iû÷ll leav around four ok,0
come medic colleg pm forward da,0
kkit goodwhen go,0
make lasagna vodka,0
hi kate u give ring asap xxx,0
peopl tour thought sofa thing sent curiou sugar,0
told go got drunk,0
fuck chicken messag would late woould buzz didnt hear word,0
congratul thank good friend u å£ xma prize claim easi call p per minut btnationalr,1
im alway look excus citi,0
yup im still coffe wif fren fren drove shell give lift,0
shore takin bu,0
u gon na get deu ex,0
send email mind ltgt time per night,0
want new nokia colour phone deliveredtomorrow free minut mobil free text free camcord repli call,1
tap spile seven pub ga st broad st canal ok,0
ok come n pick u engin,0
never want tell im short onedg late,0
raviyog peripher bhayandar east,0
k actual guy meet sunoco howard right way,0
moon come color dream star make music sm give warm peac sleep good night,0
finish eat got u plate leftov time,0
thanx lot,0
hurri home u big butt hang last caller u food done im starv dont ask cook,0
lol right diet everyday cheat anyway im meant fatti,0
great day beauti one,0
happen interview,0
badrith chennaii sure pick usno competit,0
tot group mate lucki havent repli wat time ì need leav,0
hey around ive got enough half ten owe,0
hey tmr mayb meet yck,0
alrit sam nic checkin ur numberso ittb,0
make easi pay back ltgt yr say pay back earlier get,0
worri im sure youll get,0
ga station like block away hous youll drive right sinc armenia end swann take howard,0
someon u know ask date servic contact cant guess call reveal pobox ls hb p,1
camera award sipix digit camera call fromm landlin deliveri within day,1
tuition hm go one mind,0
im smoke peopl use wyli smoke much justifi ruin shit,0
dear good morn feel dear,0
littl med say take everi hour pain back took anoth hope dont die,0
beauti tomorrow never come come alreadi today hunt beauti tomorrow dont wast wonder today goodmorn,0
dunno lei ì decid lor abt leona oop tot ben go n msg,0
hi move pub would great c u u cud come,0
today voda number end select receiv award hava match pleas call quot claim code standard rate app,1
messag free welcom new improv sex dog club unsubscrib servic repli stop,1
ever easier,0
rct thnq adrian u text rgd vatian,1
stop call everyon say might cancer throat hurt talk cant answer everyon call get one call im babysit monday,0
itll tough ill,0
im gonnamissu muchi would say il send u postcard butther abouta much chanc merememberin asther ofsi breakin contract luv yaxx,0
ee msg na poortiyagi odalebeku hanumanji name hanuman bajarangabali maruti pavanaputra sankatmochan ramaduth mahav ee name ltgt janarig ivatt kalisidar next saturday olag ondu good news keluviri maretar ind dodda problum nalli siguviri idu matra ltgt true dont neglet,0
hi darlin finish u pick meet text back number luv kate xxx,0
set place heart mind mind easili forget heart alway rememb wish happi valentin day,0
im surpris still guess right lor,0
oki ì wan meet bishan co bishan im drive today,0
hi darlin work u get troubl ijust talk mum morn realli good time last night im goin soon call u,0
know serv mean,0
huh hyde park mel ah opp got confus anyway tt e best choic den juz take,0
oh gei happend tron mayb ill dl,0
know girl alway safe selfish know got pa thank good night,0
worri hope photo shoot went well spif fun workag,0
im freez crave ice fml,0
kay sinc alreadi,0
eh sorri leh din c ur msg sad alreadi lar watch tv u still offic,0
yo im right yo work,0
ok darlin supos ok worri muchi film stuff mate babysit call therexx,0
wake sinc check stuff saw true avail space pl call embassi send mail,0
nope juz work,0
huh fast dat mean u havent finish paint,0
number u live,0
put parti day week studi lightli think need draw custom checkbox know hardcor,0
sac score big hundredh set batsman,0
send yetti number pl,0
much cost approx per month,0
ok theori test ì go book think may coz thought wan na go jiayin isnt free,0
contact date servic someon know find call land line pobox w tg p,1
that fine give call know want question,0
sorri got late start way,0
u go back urself lor,0
ga station go,0
k u bore come home,0
babe love cover face kiss,0
like made throw smoke friend car one time awesom,0
still check da,0
go walmart ill stay,0
havent forgotten might coupl buck send tomorrow k love ya,0
oh great ill disturb talk,0
revers cheat mathemat,0
ure welcom caught u use broken english,0
problem babi good time talk call left messag,0
oh brand,0
sorri cant take call right happen r waxsto wat want come ill get medic insur shell abl deliv basic care im current shop right medic insur give til friday morn that ill see major person guid right insur,0
time come,0
call say come today ok tell fool like ok,0
email yifeng part oredi ì get fr,0
r u sure theyll understand wine good idea slurp,0
minimum walk mile day,0
ok problem get taxi c ing tomorrow tuesday tuesday think r go cinema,0
brainless babi dolld vehicl sariyag drive madok barolla,0
sorri miss call let talk time im,1
pleas attend phone,0
hate call didnt accept even singl call mine even messag,0
messag phone im hold,0
im free,0
yo trip got postpon still stock,0
wait call sir,0
hey repli pa,0
hey elain today meet still,0
sorri ive gone place ill tomorrow realli sorri,0
tiim dont let hug dont break tear,0
tomorrow go theatr come wherev u call tell come tomorrow,0
electr went fml,0
look like found someth smoke great job,0
also andro ice etc etc,0
good afternon love today hope good mayb interview wake miss babe passion kiss across sea,0
yup wun believ wat u realli neva c e msg sent shuhui,0
how watch resiz,0
dear umma call,0
finish miss plenti,0
complimentari star ibiza holiday å£ cash need urgent collect landlin lose box sk wp ppm,1
well meant oppos drunken night,0
k must book huh go yoga basic sunday,0
free msgwe bill mobil number mistak shortcod pleas call charg refundedthi call free bt landlin,1
ok,0
oop mum somerset bit far back tomo see soon x,0
u workin overtim nigpun,0
kalli dismissi nd test,0
guess got screwd,0
pleas call immedi urgent messag wait,1
r u cook dinner,0
bull plan go float ikea without care world live mess anoth day,0
buy,0
urgent mobil number award å£ bonu caller prize call land line valid hr,1
heehe funni tho,0
simpl arithmet percentag,0
yeah wouldnt leav hour least how sound,0
thank honey great day,0
amaz quot sometim life difficult decid what wrong lie bring smile truth bring tear,0
ì ask dad pick ì lar ìï wan stay meh,0
ju chillaxin,0
hey da cool iknow wellda peril studentfinanci crisisspk u l r,0
want new nokia colour phone deliveredtomorrow free minut mobil free text free camcord repli call,1
what come hill monster hope great day thing r go fine busi though,0
joy father john john joy father u an th hav ltgt iq ti ia question tri answer,0
ill obey,0
didnt search onlin let know,0
need go get,0
pic pleas resend,0
uhhhhrmm isnt tb test bad your sick,0
haf enuff space got like mb,0
life never much fun great came made truli special wont forget enjoy one gbpsm,1
want new video phone anytim network min inclus video call download per week free deltomorrow call repli,1
valu custom pleas advis follow recent review mob award å£ bonu prize call,1
welcom pleas repli age gender begin eg,1
freemsg month unlimit free call activ smartcal txt call subscriptn gbpwk unlimit call help stoptxt stop landlineonli,1
mobil mth updat latest orang cameravideo phone free save å£ free textsweekend call text ye callback orno opt,1
new club dont fink met yet b gr c u pleas leav msg day wiv ur area repli promis carli x callså£ minmobsmor lkpobox hp fl,1
true easier,0
sure sinc parent work tuesday dont realli need cover stori,0
haha okay today weekend leh,0
hi darlin youphon im athom youwanna chat,0
dont know jack shit anyth id sayask someth help want pretend text whatev respons hypotheticalhuagauahahuagahyuhagga,0
youv alway braini one,0
yeah get random dude need chang info sheet parti ltgt never studi safe,0
camera award sipix digit camera call fromm landlin deliveri within day,1
christma occas celebr reflect ur valu desir affectionsamp tradit ideal christma,0
send greet joy happi gr even,0
hi darlin cantdo anythingtomorrow mypar aretak outfor meal u free katexxx,0
india win level seri mean record,0
plan,0
good hear,0
awesom deal gate charl told last night uh yeah,0
time thinkin goin,0
get free mobil video player free movi collect text go free extra film order ts cs appli yr,1
save money wed lingeri choos superb select nation deliveri brought weddingfriend,1
board work fine issu overh also reslov still softwar inst pend come around clock,0
ye dont care caus know,0
mon oki lor haha best cheap n gd food la ex oso oki depend whether wana eat western chines food den u prefer,0
sit ard noth lor u leh busi w work,0
ltgt k oh send home sale,0
sorri mail,0
ya tell abt tht incid,0
ye outsid like hour call whole famili wake caus start,0
ugh got outta class,0
nowaday peopl notixiqu laxinorf opportun bambl entrop ever oblising opt ur book masteriast amplikat fidalf champlaxig think atroci wotz ur opinion junna,0
need lar ju test e phone card dunno network gd thk wait si finish bath bath dun disturb u liao u clean ur room,0
ok ill right later,0
lunch come quickli open door,0
heard u call night knicker make beg like u last time xx luv nikiyu net,1
back bit long co accid divert via wadebridgei brilliant weekend thank speak soon lot love,0
k yan jiu liao sat go bugi vill one frm den hop parco nb sun go cine frm den hop orc mrt hip hop,0
bloomberg messag center wait appli futur bloombergcom,1
seek ladi street freak sheet,0
phone,0
haha figur well found piec priscilla bowl,0
actual fuck whatev find excus tampa point januari though,0
yay final lol miss cinema trip last week,0
day work dayexcept saturday sunday,0
heart empti without love mind empti without wisdom eye r empti without dream amp life empti without frnd alwi touch good night amp sweet dream,0
think iû÷m wait bu inform get ever get,0
get back time soon,0
how thing quick question,0
probabl come everybodi done around ltgt right,0
got new year co yetund said want surpris didnt see money return mid januari ltgt day return period end,0
ask around there lot term mid,0
sure check yahoo email sent photo yesterday,0
look,0
wherr boytoy,0
want new video phone anytim network min text five pound per week call repli deliveri tomorrow,1
hello love goe day wish well fine babe hope find job prospect miss boytoy teas kiss,0
tell bad charact u dnt lik ill tri chang ltgt add tat new year resolut wait ur replyb frankgood morn,0
yeah probabl earlier,0
chang window logoff sound,0
im also came room,0
huh got lesson lei n thinkin go sch earlier n tot parkin kent vale,0
reach offic around ltdecimalgt amp mobil problem cannt get voic call asa ill free,0
cool text head,0
contact date servic someon know find call land line pobox w tg p,1
wan win meetgreet westlif u current tour unbreak untam unkempt text cost p std text,1
happi birthday may u find ur princ charm soon n dun work hard,0
oh grand bit parti doesnt mention cover charg probabl first come first serv,0
said went back bed cant sleep anyth,0
hope arnt piss id would realli like see tomorrow love xxxxxxxxxxxxxx,0
bank granit issu strongbuy explos pick member nasdaq symbol cdgt per,1
say ltgt year old man money im last ltgt still wait check,0
come ur home,0
free day finish mon n thur,0
food,0
life all moneeppolum oru pole allalo,0
nite,0
two fundament cool life walk,0
camera quit good mega pixel optic digit doom love holiday safe hope hav good journey happi new year see coupl week,0
hi peteynoiåõm ok want chat coz avent spoken u long timehop ur doin alritehav good nit js love ya amx,0
saw ron burgundi captain parti boat yeah,0
im seriou money base,0
alreadi one guy love,0
staff placement train amrita colleg,0
alway chat fact need money rais,0
im job profil seem like bpo,0
well give co said didnû÷t one nighter persev found one cheap apologis advanc somewher sleep isnt,0
think actual talk call boss morn went place last year told could go get car fix cheaper kept tell today much hope would come back alway regret get number etc,0
will go app class,0
hang brother famili,0
reach tell dont know,0
hey go quit soon xuhui work till end month,0
im sorri bout last nite wasnåõt ur fault spous pmt sumthin u give think u shldxxxx,0
tri neva mate,0
yeah thatd pretti much best case scenario,0
free today haf pick parent tonit,0
hey babe far spunout spk da mo dead da wrld sleep da sofa day,0
send naughti pix,0
å£ winner guarante caller prize final attempt contact claim call ppmpobox bhamb xe,1
xma new year eve ticket sale club day till pm thur fri sat night week theyr sell fast,1
tyler get th leav long get like hour,0
prepar pound everi night,0
actual mobil full msg work onlin need send ltgt sent msg wil explain u later,0
good even,0
im home pleas call,0
oic co n si got lunch today dad went dunno whether eat sch wat,0
mmmmm sooooo good wake word morn love mmmm fuck love lion devour kiss across sea,0
pleas inform applic airtel broadband process success instal happen within day,0
happen dear silent tens,0
ill get unless guy want come time sooner,0
cough noth,0
ìï come lt n pass lar,0
im e person who e sm survey,0
lol ok ill tri send warn sprint dead slow youll prolli get tomorrow,0
thank meet monday,0
th gower mate r u man good wale ill b back åômorrow c u wk msg åð random,0
rock yr chik get filthi film xxx pic yr phone rpli filth saristar ltd e yt p per day stop cancel,1
got like ltgt get later though get whatev feel like,0
dad want talk apart got late start omw,0
love,0
lol u still feel sick,0
din tell u ju,0
eye philosophi,0
next month get upto call ur standard network charg activ call c wire net st term pobox uz cost å£ min mobcudb,1
ok lor im town lei,0
alreadysabarish ask go,0
da vijay go talk jaya tv,0
urgent tri contact u today draw show å£ prize guarante call land line claim j po box c pm,1
lol know hey someon great inperson flea forum love,0
text banneduk see cost p textoper g ga xxx,1
still chanc search hard get itlet tri,0
auction round highest bid å£ next maximum bid å£ bid send bid e g bid å£ good luck,1
alway celebr ny famili,0
know taj mahal symbol love lesser known fact mumtaz shahjahan th wife wife shahjahan kill mumtaz husband marri mumtaz die ltgt th deliveri marri mumtaz sister question aris hell love great hari,0
okcom home vl nice meet v chat,0
collect valentin weekend pari inc flight hotel å£ prize guarante text pari,1
sent de webadr gete salari slip,0
she fine send greet,0
custom loyalti offerth new nokia mobil å£ txtauction txt word start get tctxt tc pmtmsg,1
dint touch,0
yup leav right back soon,0
wont believ true incred txt repli g learn truli amaz thing blow mind fwd ptxt,1
yeah sure ill leav min,0
one teach ship car,0
sign matur start say big thing actual start understand small thing nice even bslvyl,0
yeah confirm stay weekend,0
said ì dun haf passport smth like dat ì juz send email account,0
multipli number independ count decim point divis push decim place like show,0
love night wake see messag hope smile know great morn,0
ard lor,0
right meanwhil how project twin comin,0
sent maga money yesterday oh,0
hot n horni will live local text repli hear strt back p per msg netcollex ltdhelpdesk repli stop end,1
ride equal unev mani peski cyclist around time night,0
werear free give otherwis nalla adi entey nattil kittum,0
ive sent wife text buy shell tell relax go get wkend,0
escap theatr go watch kavalan minut,0
much would cost hire hitman,0
anyth lor,0
want new nokia colour phone deliv tomorrow free minut mobil free text free camcord repli call,1
huh cant go ur hous empti hand right,0
good morn princess happi new year,0
congratul youv your winner august å£ prize draw call prize code,1
aight well head,0
wat r u busi wif work,0
know mood today,0
jay told alreadi,0
cp caus outag conserv energi,0
im sure check happen around area,0
hey morn come ask pa,0
jordan got vote last nite,0
mean got epi she fine she,0
idea,0
pl come quick cant bare,0
call unabl cal let meet bhaskar deep,0
ill meet librari,0
k roommat also want dubsack anoth friend may also want plan bring extra ill tell know sure,0
depend individu lor e hair dresser say pretti parent say look gong u kaypoh also dunno wat collect,0
ok c ì,0
enjoy watch play footbal basketbal anyth outdoor,0
pleas ask macho price rang want someth new use plu interfu blackberri bold ltgt bb,0
sorri sent blank msg yup tri seriou studi,0
hey check da list da,0
p alfi moon children need song ur mob tell ur txt tone chariti nokia poli chariti poli zed profit chariti,1
meant apolog text get drug ltgt night,0
mean februari april ill get place stay dont hustl back forth audit season sinc sister move away harlem,0
goin workout lor muz lose e fat,0
damn poor zac doesnt stand chanc,0
want tel u one thing u mistak k messag sent,0
yeah right ill bring tape measur fri,0
head straight,0
get offici england poli rington colour flag yer mobil tonight game text tone flag optout txt eng stop box w wx å£,1
thank princess sexi,0
oooh got plenti,0
hui xin da lib,0
big differ ltgt versu ltgt everi ltgt hr,0
make cri stuff happen top everyth els push edg dont underdtand often cri sorri sorri life,0
babe feel let get itboth tri cheer upnot fit soo muchxxlov u locaxx,0
know hook mean right,0
custom servic announc recent tri make deliveri unabl pleas call reschedul ref,1
wat da model num ur phone,0
he realli skateboard despit fact get thrown wind bandag shit arm everi five minut,0
stop club tone repli stop mix see mytonecomenjoy html term club tone cost gbp week mfl,1
hous e sky quit dark liao rain got excus run alreadi rite hee,0
sorri left phone upstair ok might hectic would bird one fell swoop date,0
thought didnt see,0
wamma get laidwant real doggin locat sent direct mobil join uk largest dog network txt dog nownyt ec lp å£ msg,1
carlo say pick later yeah set,0
hey babe friend cancel still visit,0
hmm ill think ok your forgiven,0
hope get away langport still town tonight,0
want send virtual hug need one,0
probabl still go stuff,0
issu right ill fix tomorrow,0
come peopl,0
senthil group compani apnt pm,0
oh realli make air what talent,0
studi ill free next weekend,0
r u yet im wear blue shirt n black pant,0
waiti come ltgt min,0
reach ur home ltgt minut,0
well great weekend,0
langport sorri ill probabl bed pm suck ill xma go sri lanka,0
frnd juz wordnot mere relationshipit silent promis say wherevr whenevr forevr gudnyt dear,0
huh also mani mistak,0
ha u ju ate honey ar sweet,0
im turn phone mom tell everyon cancer sister wont stop call hurt talk cant put see u u get home love u,0
honey sweetheart darl sexi bun sugar plum loverboy miss boytoy smack ass go gym,0
thank love rock,0
yeah imma come caus jay want drug,0
ok thanx take care,0
yup thk u oso bore wat,0
came look flat seem ok away alot wiv work got woman come,0
moji inform save live thank,0
who class,0
hey r ì still onlin ive finish format,0
great attract brotha,0
promot number ur award citi break could win å£ summer shop spree everi wk txt store skilgm tscswinawkag å£ perwksub,1
lol happen vega stay vega,0
hello hello hi lou sorri took long repli left mobil friend lancast got bak neway im sorri couldnåõt make ur båõday hun,0
use soc use home ìï dunno type word ar,0
dad say hurri hell,0
wake ltgt morn,0
get class bsn like ltgt minut know advis,0
great shoot big load get readi,0
ill meet lobbi,0
still come tonight,0
happen dear tell,0
sir wait call free pleas call,0
text finish long time ago shower eryth,0
ok im sure time finish tomorrow wan na spend even co would vewi vewi lubli love xxx,0
hello per request ltgt rs transfer,0
tirupur call da,0
winner special select receiv å£ cash å£ award speak live oper claim call pm cost p,1
sbut luck catch put,0
noe ì specifi da domain nusstu ìï still sch,0
ohi ask fun hahatak care ì,0
shall get pouch,0
hey loverboy love tell look pictur ach feel leg fuck want need crave,0
boy sweet word left morn sigh goe day love start studi,0
kent vale lor ìï wait ar,0
ok good make money,0
read gud habit nan bari hudgi yorg pataistha ertini kano,0
aight still want get money,0
town v import,0
sorri pa dont knw ru pa,0
wat u,0
meet ì rite ill go home lor ì dun feel like comin ok,0
oh get paid outstand one commerci hasbroin august made us jump mani hoop get paid still,0
lateso call tomorrow morningtak care sweet dreamsu meummifyingby,0
network technic support associ,0
im gon na rip uteru,0
cool like swim pool jacuzzi hous,0
thank rington order refer number x mobil charg tone arriv pleas call custom servic colourredtextcolourtxtstar,1
yeah gang readi,0
blank blank wat blank lol,0
im movi collect car oredi,0
left alreadi orchard,0
hi night ur lucki night uve invit xchat uk wildest chat txt chat pmsgrcvdhgsuit landsroww j hl ldn yr,1
noth splwat abt u whr ru,0
chikku nt yet ya im free,0
aldrin rakhesh ex rtm herepl callurg,0
search happi main sourc unhappi accept life way come u find happi everi moment u live,0
guess could good excus lol,0
isnt frnd neces life imagin urself witout frnd hwd u feel ur colleg watll u wth ur cell wat abt function thnk abt event espel care miss amp irrit u wrd dearlov frnd wthout u cant live jst takecar goodmorn,0
old orchard near univ,0
taco raja burrito right,0
itû÷ å£ get ok,0
how street end librari walk,0
plz note anyon call mobil co amp ask u type ltgt ltgt disconnect callcoz iz attempt terrorist make use sim card itz confirmd nokia n motorola n verifi cnn ibn,0
stop get ice cream go back,0
stitch trouser,0
tf p,1
hey im bore im think u wat r u,0
nah wednesday bring mini cheeto bag,0
nobodi name peni girl name stori doesnt add,0
aight let know your gon na around usf,0
im lip sync shangela,0
ìï neva tell noe im home da aft wat,0
bit ur smile hppnss drop ur tear sorrow part ur heart life heart like mine wil care u forevr goodfriend,0
dear voucher holder claim st class airport loung pass use holiday voucher call book quot st class x,1
buzz hey love think hope day goe well sleep miss babe long moment togeth againlov smile,0
haha sound crazi dunno tahan anot,0
u earli,0
ya one slow poo,0
im gloucesterroad uup later,0
lol ouch wish id stay bit longer,0
god ask forgiv littl child gave love repli,0
well join ltgt bu,0
ask keep one mayb that didnt get messag sent glo,0
ki send ltgt min,0
would smoke help us work difficult time,0
someon u know ask date servic contact cant guess call reveal pobox xy p,1
yesmum lookin strong,0
sir goodmorn free call,0
call,0
love girl offic may wonder smile sore,0
hi wlcome back wonder got eaten lion someth noth much,0
uncl timi help clear car,0
came hostel go sleep plz call class hrishi,0
ok bag,0
ok lor msg b u call,0
mila age blond new uk look sex uk guy u like fun text mtalk pptxt st free å£ increment help,1
fishrman woke earli mrng dark wait amp found sack ful stone strtd throwin thm sea pass time atlast ju stone sun rose amp found tht r nt stone diamond moraldont wake earli mrng good night,0
claim shop spree call mobstorequiz ppm,1
ur physic get,0
dear friend sorri late inform today birthday love arpraveesh detail log face book see number ltgt dont miss delici treat,0
r ì go send,0
onlin transact,0
dear got train seat mine lower seat,0
let know need anyth els salad desert someth mani beer shall get,0
whore unbeliev,0
want funk ur fone weekli new tone repli tone u text origin n best tone gbp network oper rate appli,1
sure dont mean get,0
love know feel make belli warm wish love shall meet dream ahmad ador kiss,0
twink bear scalli skin jock call dont miss weekend fun call pmin stop text call nat rate,1
love want flood pretti pussi cum,0
hey angri repli dr,0
short cute good person,0
also rememb bead dont come ever,0
thread wishlist section forum ppl post nitro request start last page collect bottom,0
first time histori need comfort luxuri sold price india onionr ltgt petrolr ltgt beerr ltgt shesil ltgt,0
actual nvm got hella cash still ltgt ish,0
tri contact repli offer video handset anytim network min unlimit text camcord repli call,1
ok least armand still around,0
da happi sit togeth na,0
yup song bro creativ neva test qualiti said check review onlin,0
dude fakemi frnd got money tht im reffer uif u member wit mail link u vl credit ltgt rs il geti ltgt rsi draw acc wen ltgt rs,0
dude makin weirdi browni sister made awesom cooki took pic,0
urgent tri contact last weekend draw show å£ prize guarante call claim code k valid hour,1
pl dont restrict eat anythin like next two day,0
mm ask come enough,0
funer home audrey dad,0
aight text address,0
excel wish togeth right,0
yep fine ice age,0
pl wont beliv godnot jesu,0
dunno wat get,0
yet chikkuk wat abt tht guy stop irrit msging u,0
long take get,0
number vivek,0
xma iscom ur award either å£ cd gift voucher free entri r å£ weekli draw txt music tnc,1
sorri brah finish last exam,0
got arrest possess shit lttimegt pm,0
right though cant give space want need realli start becom issu go suggest set definit move outif im still greec mayb readi,0
normal,0
pleas protect ethreat sib never ask sensit inform like passwordsatmsm pin thru email never share password anybodi,0
miss much im despar record messag left day listen hear sound voic love,0
hi im alway onlin yahoo would like chat someday,0
goodmorningmi grandfath expiredso leav today,0
congratul u claim vip row ticket c blu concert novemb blu gift guarante call claim tsc costå£ max,1
yuou work get pc mom find spot would work need,0
sure ill see come bit,0
agre stop thinkin ipad pleas ask macho question,0
let pool money togeth buy bunch lotto ticket win get ltgt u get ltgt deal,0
watch tv lor nice one like lor,0
im think chennai forgot come auction,0
ì come n pick ar,0
earli bird purchas yet,0
went pay rent go bank authoris payment,0
erm û ill pick pm thatll give enough time get park,0
hey mate how u honeydid u ave good holiday gimmi de gossx,0
howz painit come todaydo said ystrdayic medicin,0
chile pleas ltdecimalgt hour drive come time sublet febapril audit season,0
ye ammaelif take lot turn sit tri hold steer,0
yeah that thought lem know anyth goin later,0
mmmm cant wait lick,0
pl go today ltgt dont want excus,0
plz tell an bslvyl sent via fullonsmscom,0
u town alon,0
look forward sex cuddl two sleep,0
rounderso requir,0
truekdo u knw di ltgt,0
dont worri day big lambu ji vl cometil enjoy batchlor parti,0
oh ya got hip hop open haha think go jazz zoom cine actual tonight im free leh there kb lesson tonight,0
free msg singl find partner area real peopl wait chat nowsend chat cncl send stopc å£ per msg,1
im ok part tomorrow,0
found diff farm shop buy chees way back call,0
r u still work,0
win newest åòharri potter order phoenix book repli harri answer question chanc first among reader,1
yep like pink furnitur tho,0
free msg ringtonefrom widelivecomindex wmlid b ecef ff firsttru jul,1
custom place wil cal u sir,0
oh god ive found number im glad text back xafter msg cst std ntwk chg å£,1
pure heart person wonder smile make even hisher enemi feel guilti enemi catch world smile goodmorn amp smiley sunday,0
thatåõ alrit girl u know gail neva wrongtak care sweet donåõt worryc u l tr hunlov yaxxx,0
theoret yeah could abl come,0
alright hook guy,0
know peopl still town,0
let math good,0
oh ok wait lect havent finish,0
yeah usual guy town therer definit peopl around know,0
join today formallypl keep prayingwil talk later,0
happi sad one thing past good morn,0
multimedia messag email,0
oki scare u say fat u dun wan alreadi,0
u get messag,0
sorri sir call tomorrow senthilhsbc,0
need person give na,0
left vagu said would inform person account delay rent discuss hous agenc rent anoth place check onlin place around usc ltgt,0
hi juan im come home fri hey cours expect welcom parti lot present ill phone u get back load love nicki x x x x x x x x x,0
gumbi special ltgt chees pizza know doin tonight,0
link pictur sent also use,1
like person size,0
im great aunt anniversari parti tarpon spring,0
cab availablethey pick drop door step,0
oktak careumma,0
unlimit text limit minut,0
doubl min txt orang tariff latest motorola sonyericsson nokia bluetooth free call mobileupd call optouthf,1
problem spend lot qualiti time togeth,0
urgent nd attempt contact u å£ prize yesterday still await collect claim call aclpm,1
heard week,0
dear dave final notic collect tenerif holiday cash award call landlin tc sae box cw wx ppm,1
ye last practic,0
tell u call claim å£ prize u enter ur mobil person detail prompt care,1
thank youv wonder,0
ìï mean confirm tot juz say oni ok,0
depend would like treat,0
right brah see later,0
wait e car mum lor u leh reach home alreadi,0
account xxxxxxxxx show unredeem point claim call identifi code xxxxx expir,1
want new video handset anytim network min half price line rental camcord repli call deliveri tomorrow,1
went fast asleep deartak care,0
mean fat head,0
sound like plan cardiff still still cold im sit radiat,0
seriou like proper tongu,0
she good wonder wont say hi she smile cope long distanc,0
noe she da car later c lar im wear short,0
yeah whatev lol,0
ard lor ok messag ì lor,0
ok c u,0
eh ur laptop got stock lei say mon muz come take look c got,0
need ke qi ìï bore izzit suddenli thk,0
wish dont think gon na snow much flurri usual get melt hit ground eek havent snow sinc ltgt even born,0
freerington repli real poli eg real pushbutton dontcha babygoodby golddigg webeburnin st tone free u join å£ wk,1
oh realli perform write paper go movi home midnight huh,0
okay lor still let us go ah coz know later drop card box right,0
izzit still rain,0
wasnt enough troubl sleep,0
havent add ì yet right,0
lol realli need rememb eat im drink appreci keep compani night babe smile,0
babe lost tri reboot,0
ye nigh cant aha,0
thk ì got ta go home urself co ill b go shop fren present,0
nooooooo im gon na bore death day cabl internet outag,0
so amount get pl,0
playin space poker u,0
come guoyang go n tell u told,0
need get,0
r give second chanc rahul dengra,0
yeah fact ask need anyth like hour ago much,0
first strike red one bird antelop begin toplay fieldof selfindepend believ flower content growrandom,0
ì wan go c doctor,0
daddi bb,0
free msg get gnarl barkley crazi rington total free repli go messag right,1
she borderlin yeah whatev,0
lor ya go dinner togeth,0
gentl princess make sweet gentl love,0
u doin babi girl hope u okay everi time call ure phone miss u get touch,0
sorri went bed earli nightnight,0
like think there alway possibl pub later,0
hmm yeah groov im look forward pound special,0
got video tape pple type messag lor u free wan help hee co noe u wan watch infern affair ask u along ask shuhui oso,0
hi dude hw r u da reali mise u today,0
hungri buy food good lei mum n yun dun wan juz buy littl bit,0
refus loan secur unsecur cant get credit call free text back help,1
probabl wont eat today think im gon na pop weekend u miss,0
knew u slept v late yest wake late,0
haha dont angri take practic real thing,0
one day train,0
could kiss feel next,0
nice day dear,0
sent lanr fakey eckankar detail mail box,0
dad back ph,0
special select receiv award call line close cost ppm tc appli ag promo,1
ask say pleas messag,0
e time go w u lor,0
callin say hi take care bruv,0
valu vodafon custom comput pick win å£ prize collect easi call,1
u turn heater heater set ltgt degre,0
thank messag realli appreci sacrific im sure process direct pay find way back test tomorrow im class wonder day,0
that troubl class go well your due dodgey one û expect mine tomo see recoveri time place,0
free video camera phone half price line rental mth cross ntwk min txt call mobileupd call optout,1
wot u j,0
night night see tomorrow,0
roger weû÷r probabl go rem,0
u think girl propos u today se ur bloodi funki shit fuck faceasssssholeee,0
wish u feel alon,0
reason team budget avail last buy unsold player base rate,0
ceri u rebel sweet dreamz littl buddi c ya moro need bloke,0
ringtonek,1
huh cant thk oredi mani page,0
fren go lor alon wif mum n si lor,0
nationwid auto centr someth like newport road like,0
hey miss tm last night phone charg smile meet friend shortli,0
whatev juliana whatev want,0
rington club gr new poli direct mobil everi week,1
hello sort town alreadi dont rush home eat nacho let know eta,0
ok lor anyway thk cant get ticket co like quit late alreadi u wan go look ur fren darren wif,0
bank granit issu strongbuy explos pick member nasdaq symbol cdgt per,1
dizzamn aight ill ask suitem get back,0
nimbomson yep phone know one obvious co that real word,0
love cuddl want hold strong arm right,0
r u contin,0
well pay like ltgt yr difficult,0
bore housew chat n date btnation rate pmin landlin,1
tri call repli sm video mobil min unlimit text free camcord repli call del thur,1
kkwhen give treat,0
nd time tri contact u u å£ prize claim easi call p per minut btnationalr,1
he gon na worri noth wont give money use,0
get gift year didnt get anyth bad,0
well there pattern emerg friend tell drive come smoke tell im weed fiendmak smoke muchimped thing see im hesit,0
ow u deyi paid thousadi told u would call,0
im fine babe aint much tho saw scari movi yest quit funni want mrw afternoon town mall sumthinxx,0
im reach home min,0
forgot work today wan na chat thing ok drop text your free bore etc ill ring hope well nose essay xx,0
ha must walk everywher take tram cousin said walk vic market hotel,0
discuss mother ah,0
sorri cant text amp drive coher see twenti,0
receiv week tripl echo rington shortli enjoy,1
place get room cheap,0
eek that lot time especi sinc american pie like minut long cant stop sing,0
gran onlyfound afew day agocusoon honi,0
uve select stay top british hotel noth holiday valu å£ dial claim nation rate call bx sw ss,1
univers southern california,0
pick rayan macleran,0
u gd lor go shop got stuff u wan watch infern affair come lar,0
well ball time make call,0
wat time ì wan today,0
ltgt mca conform,0
oh ok wat ur email,0
ye princess go make moan,0
lol ok didnt rememb til last nite,0
û anyway mani good even u,0
cool ill text,0
sorri vikki im watch olav mandara movi kano trishul theatr wit frnd,0
im happi babe woo hoo parti dude,0
take italian food pretti dress panti,0
wot u thout u gon na call txt bak luv k,0
chosen receiv å£ award pl call claim number collect award select receiv valu mobil custom,1
hold,0
dont flatter tell man mine two pint carlin ten minut pleas,0
hope scare,0
im home n readi,0
time u get,0
liter bed like ltgt hour,0
ye reg ciao,0
mean websit ye,0
win å£ cash prize prize worth å£,1
thank rington order refer number x mobil charg tone arriv pleas call custom servic,1
lol could starv lose pound end day,0
yeah that impress got,0
ok ok take care understand,0
motiv behind everi dark shine light wait find behind everi best friend alway trust love bslvyl,0
ya ok dinner,0
slept timey,0
dont make ne plan nxt wknd coz want us come ok,0
school start stay what weather like food social support system like friend school thing import,0
ha ha nan yalrigu heltiniiyo kothi chikku u share mani thing wit meso far didnt told bodi even utter word abt u ur trust much tell other plz nxt time dont use word meok chikkub,0
noic text your,0
hi di yiju meet pm esaplanad tonight,0
mobi pub quizwin å£ high street prize u know new duchess cornwal txt first name unsub stop å£ sp,1
week savamob member offer access call detail savamob pobox la wu å£ week savamob offer mobil,1
aight ive set free think could text blake address occur im quit sure im thought,0
hi dear saw dear happi batteri low,0
age how abj,0
prof pass paper sem congrat student enna kalaachutaarama prof gud mrng,0
dont kick coco he,0
fyi im gon na call sporad start like ltgt bc doin shit,0
contact date servic someon know find call mobil landlin pobox ldn,1
tbspersolvo chase us sinc sept forå£ definit pay thank inform ignor kath manchest,1
hope youåõr much fun without see u tomorrow love jess x,0
ok wont call disturb one know avoid burden,0
ive reach home n bath liao u call,0
loan purpos even bad credit tenant welcom call noworriesloanscom,1
actual exam harder nbme,0
lot sick thing go round take easi hope u feel better soon lol,0
kick new season wk free goal news ur mobil txt ur club name eg villa,1
hey sathya till dint meet even singl time saw situat sathya,0
gam gone outstand inning,0
play smash bro ltgt religi,0
sir good morn hope good weekend call let know abl rais ltgt dad howev said would make rest avail mid feb amount still quit short hope would help good day abiola,0
hurri home soup done,0
good afternoon love good see word ym get tm smart move slave smile drink coffe await,0
quit ok bit ex u better go eat smth els ill feel guilti,0
orang bring rington time chart hero free hit week go rington pic wap stop receiv tip repli stop,1
lem know your,0
privat account statement show unredeem point call identifi code expir,1
need stop go bed make fuck deal,0
love brother time talk english grin say hey muhommad penni say hello across sea,0
tri call repli sm video mobil min unlimit text free camcord repli call,1
hey doc pl want get nice shirt hubbi nice fite one budget ltgt k help pl load card abi hwkeep post luv mj,0
remain unconvinc isnt elabor test willpow,0
life noth wen v get everyth life everyth wen v miss someth real valu peopl wil realiz absenc gud mrng,0
miss,0
aint answerin phone actual pretti reason hour im sleepi,0
hey rite u put åè evey mnth,0
go bed prin,0
think ûthank see tomo,0
u dun drive go sch,0
home lei,0
gsoh good spam ladiesu could b male gigolo join uk fastest grow men club repli oncal mjzgroup stop repli stop,1
u hav frnd name ashwini ur colleg,0
ju finish lunch way home lor tot u dun wan stay sch today,0
k marrow come class,0
hot live fantasi call p per min ntt ltd po box croydon cr wb nation rate call,1
pl send address sir,0
want lick pussi,0
yo gon na still stock tomorrowtoday im tri get dubsack,0
urgent mobil number award ukp prize guarante call landlin claim valid hr ppm,1
ill see prolli yeah,0
thought could go dinner ill treat seem ok,0
stand away doesnt heart ach without dont wonder dont crave,0
sorri never hear unless book one kinda jokethet realli look skinni white girl one liney much camera someth like theyr cast look,0
sure thing big man hockey elect shouldnû÷t go longer hour though,0
watch lor saw swatch one thk quit ok ard need nd opinion leh,0
hiya u like hlday pic look horribl took mo how camp amrca thing speak soon serena,0
babe goe day miss alreadi love love kiss hope everyth goe well,0
yunni im goin late,0
doc prescrib morphin caus pain med arent enough wait mom bring med kick fast im gon na tri later,0
cool want go kappa meet outsid mu,0
hey sexi bun told ador loverboy hope rememb thank sister law meatbal grin love babe,0
may b approv panalambut post,0
spjanuari male sale hot gay chat cheaper call nation rate pmin cheap pmin peak stop text call pmin,1
im workin get job,0
your done mean,0
ur luck love someon ur fortun love one love u,0
hi babi ive got back work want see u allday hope didnt piss u phone today u give call xxx,0
freemsg today day readi im horni live town love sex fun game netcollex ltd p per msg repli stop end,1
yahoo boy bring perf legal,0
need say anyth know outsid,0
ever one foot,0
got ltgt,0
good donû÷t need receiptsûówel done û ye pleas tell whatû÷ number could ring,0
leav wif lar ìï wan carri meh heavi da num familiar ì,0
beauti truth express face could seen everyon depress heart could understood love one gud ni,0
infact happi new year see,0
simpson movi releas juli name band die start film agreen day bblue day cred day send b c,1
that shame mayb cld meet hr tomo,0
lol would despit cramp like girl,0
canåõt wait cornwal hope tonight isnåõt bad well itåõ rock night shite anyway iåõm go kip good night speak soon,0
pl help tell sura im expect batteri hont pl send messag download movi thank,0
pleas call amanda regard renew upgrad current tmobil handset free charg offer end today tel subject ts cs,1
havent found way get anoth app phone eh go net cafe take job geeee need babe crave see,0
work mon thur sat cant leh book liao day u free,0
ìï comin fetch us oredi,0
what nanni address,0
haf u eaten wat time u wan come,0
want new video phone anytim network min half price line rental free text month repli call free deliveri,1
yo call get chanc friend mine want ask big order,0
singl singl answer fight plu said broke didnt repli,0
certainli put thing perspect someth like happen,0
got tv watch meh u work today,0
felt sonot convey reason ese,0
how go got excit karaok type activ plan im debat whether play footbal eve feel lazi though,0
told come wednesday,0
ok call mom instead fun,0
dear voucher holder claim week offer pc pleas go tsc appli,1
well im desper ill call armand,0
work right,0
havent heard anyth he answer text im guess flake said jb fantast,0
mmmmmm love youso much ahmad cant wait year begin everi second take closer side happi new year love,0
pl what full name joke school co fee univers florida seem actual ltgt k pl holla back,0
ok said ive got wisdom teeth hidden insid n mayb need remov,0
pl pl drink plenti plenti water,0
how queen go royal wed,0
he lag that sad part keep touch thank skype,0
ok lor go tog lor,0
two team wait player,0
ì send copi da report,0
swhrt u deyhop ur ok tot u daylov n misstak care,0
ok da alreadi plan wil pick,0
urgent pleas call abta complimentari spanish holiday å£ cash await collect sae tc box po ez ppm,1
realli need shit tomorrow know wont awak like,0
im good regist vote,0
hmm ok ill stay like hour co eye realli sore,0
dear got bu directli calicut,0
mm umma ask vava also come tell play later togeth,0
well gener price ltgt oz let know ifwhenhow much want,0
moment dayha valuemorn bring hopeafternoon bring faitheven bring luvnight bring restwish u find todaygood morn,0
ltgt w jetton ave forgot,0
ok im come home,0
use foreign stamp countri,0
sorri lot friendofafriend stuff im talk actual guy want buy,0
cmon babe make horni turn txt fantasi babe im hot sticki need repli cost å£ cancel send stop,1
wyli updat weed dealer carlo went freedom class lunsford,0
happi babi alright take job hope fine send kiss make smile across sea kiss kiss,0
c movi juz last minut decis mah juz watch lar tot ì interest,0
enjoy semest take care brother,0
import inform orang user xxxxxx today ur lucki day find log onto there fantast prizeawait,1
get door im,0
let use next week princess,0
go home first lar ì wait lor put stuff first,0
want kfc tuesday buy meal gravi mark,0
dahe stupid daalway send like thisdon believ messagepandi mental,0
oi gon na ring,0
miss call alert number call left messag,1
attend noth,0
ard like dat lor juz meet mrt station ì dun haf come,0
dear sleep p,0
er mw im fill tuth aight,0
offic around pm go hospit,0
actual im wait week start put ad,0
anyth lor go go lor,0
u free sat rite u wan watch infern affair wif n darren n mayb xy,0
yo around friend mine lookin pick later tonight,0
stupid auto correct phone,0
doubl evict week spiral michael good riddanc,0
world suffer lot violenc bad peopl silenc good peopl,0
ok that cool either raglan rd edward rd behind cricket ground gim ring ur closebi see tuesday,0
buy one egg dapleas,0
start skye,0
bookedth hut also time way,0
sever sir,0
u realli pig leh sleep much dad wake smth eat lunch today,0
love hope anyth drastic dont dare sell pc phone,0
freemsg record indic may entitl pound accid claim free repli ye msg opt text stop,1
life style garment account pleas,0
lol wtf random btw lunch break,0
sez how u de arab boy hope u r good give love evri love ya eshxxxxxxxxxxx,0
lay man let know miss thought great day send bimbo ugo number ill appreci safe,0
detroit home snow enjoy,0
show ur colour euro offer get england flag lion tone ur phone click follow servic messag info,1
aight im chillin friend room text your way,0
toshiba porteg gd,0
well welp sort semiobscur internet thing,0
text pass collect polyphon rington normal gpr charg appli enjoy tone,1
accordingli repeat text word ok mobil phone send,1
loosu go hospit de dont let careless,0
much eighth,0
omg joanna freak she look thru friend find photo she ask stuff myspac havent even log like year,0
send ur birthdat month year tel u ur life partner name method calcul repli must,0
juz havent woke bit blur blur dad went liao cant cum oso,0
cloth jewelri trip,0
block breaker come delux format new featur great graphic tmobil buy å£ repli get bbdelux take challeng,1
aah cuddl would lush id need lot tea soup kind fumbl,0
import inform orang user today lucki day find log onto there fantast surpris await,1
plan famili set stone,0
pl dont forget studi,0
youll never believ actual got taunton wow,0
den weekday got special price haiz cant eat liao cut nail oso muz wait finish drivin wat lunch still muz eat wat,0
broke list reason nobodi town cant tell she sarcast faggi,0
ltdecimalgt common car better buy china asia find less expens ill holla,0
greatest test courag earth bear defeat without lose heartgn tc,0
sorri im stil fuck last nite went tobe got work,0
hey what plan sat,0
beauti sleep help ur pimpl,0
great hope use connect mode men also co never know old friend lead today,0
natalja f invit friend repli ye see stop send stop frnd,1
get,0
kind miss train co asthma attack nxt one half hr drive sure park,0
ball move lotwil spin last difficult bat,0
haiyoh mayb hamster jealou million,0
pleas send aunti number,0
im glad follow dream,0
ive reach home final,0
urgent import inform user today lucki day find log onto fantast surpris await,1
wn u r hurt prsn close u fight wit dem coz somtim di fight save relat bt quiet leav nothin relat gud eveb,0
u call,0
scienc tell chocol melt sunlight pleas dont walk sunlight bcozi dont want loss sweet friend,0
ye come nyc audiit tri reloc,0
pock,0
congrat that great want tell tell score co might make relax motiv thank share,0
wud never mind u dont miss u dont need u wil realli hurt wen u need amp u dont tell take care,0
hey mr what name bill brison book one languag word,0
okay good problem thanx,0
inform ikea spell cap yell thought left sit bed among mess came said go got home class pleas dont tri bullshit make want listen less,0
call ure done,0
gwr,0
best watch say caus get drunk motherfuck,0
kit strip bill p netcollex ltd po box ig oja,1
pleas call immedi urgent messag wait,1
thesmszonecom let send free anonym mask messagesim send messag theredo see potenti abus,1
erm woodland avenu somewher get parish magazin telephon number,0
ta job avail let know pleas co realli need start work,0
aiyar hard type u later free tell call n scold n tell u,0
yup im free,0
good good billi mate gone jog enjoy concert,0
yo come carlo soon,0
awww dat sweet think someth nice time tonight ill probabl txt u later co im lone xxx,0
guess useless call u someth import,0
ha ha pop loo hello hello,0
dint tell anyth angri told abi,0
happen r waxsto wat want come ill get medic insur shell abl deliv basic care im current shop right medic insur give til friday morn that ill see major person guid right insur,0
keep ten rs shelf buy two egg,0
wasnt well babe swollen gland throat end,0
ur chang da report big co ive alreadi made chang da previou report,0
captain room,0
cant speak bcaz mobil problem listen cannt listen voic call later,0
hiya stu wot u im much trubl home moment evon hate even u wot hell av done wont u tell text bck pleas luv dan,0
si take mokka player,0
still play gautham,0
hey mr go sea view coupl gay mean game give bell ya finish,0
k jason say he gon na around ill around ltgt,0
sorri abl get see morn,0
aight well keep inform,0
search good dual sim mobil pa,0
seem unnecessarili hostil,0
dude got haircut breezi,0
congrat mobil g videophon r call videochat wid ur mate play java game dload polyh music nolin rentl bx ip pm,1
appledayno doctor tulsi leafdayno cancer lemondayno fat cup milkdayno bone problm litr watrdayno diseas snd th u care,0
thought king hill thing,0
nope ill come onlin,0
also tell said happi birthday,0
bishan lei tot ì say lavend,0
boo time u get u suppos take shop today,0
u sound like manki scous boy stevelik travel da bu homewot u inmind recreat di eve,0
fyi im take quick shower epsilon like ltgt min,0
tuesday night r u real,0
ye appt,0
got outta class gon na go gym,0
want sent ltgt mesag today that sorri hurt,0
ìï write wat,0
ha wouldnt say didnt read anyth way u seem dont like judgementali save friday pub,0
valentin game send di msg ur friend answer r someon realli love u que colour suit best,0
hidid ask waheeda fathima leav,0
enjoy urself tmr,0
still around could use half th,0
give us back id proof ltgt rs wont allow work come home within day,0
ìï bot note oredi co juz rem got,0
ye rent expens way save,0
how pain deari r u smile,0
fun fact although would think armand would eventu build toler shit consid much smoke get fuck like hit,0
import inform orang user xxxxxxx today lucki day find log onto there fantast surpris await,1
great send account number,0
hellogorg how u fone charg lst nitw wen u texd hopeu ad nice wkend im sure u lookin ward cin u mrw luv jaz,0
date servic ask contact u someon shi call reveal pobox uz p,1
ìï send content page,0
night sweet sleep well ive see exorc emili rose may never sleep hug snog,0
dont think u got think use got good ni,0
cant right second got ta hit peopl first,0
evri emot dsnt hav wordsevri wish dsnt hav prayr u smile world wit uothrwis even drop tear dsnt lik stay wit uso b happi good morn keep smile,0
rememb,0
ujhhhhhhh comput ship address sandiago parantella lane wtf poop,0
mm ye dear look hug p,0
like di sweater fr mango size alreadi irrit,0
dont number gon na massiv pain ass id rather get involv that possibl,0
anytim lor,0
want new video handset time network min unlimit text camcord repli call del sat,1
ur balanc å£ next question complet landmark big bob b barri c ben text b c good luck,1
fineabsolutli fine,0
k your sure dont consent form v,0
ur tonex subscript renew charg å£ choos poli month bill msg,1
dont prize go anoth custom tc pmin polo ltd suit london w j hl pleas call back busi,1
much torch ja,0
noth u dinner w us,0
check,0
done internet connect v slow canû÷t send tri later first thing tomo,0
mathew tait edward anderson,0
yeah sure thing mate haunt got stuff sort im go sound anyway promot hex way dont know number joke,0
need lar go engin co si art today,0
thank honey still havent heard anyth leav bit longer crowd tri later great advic thank hope cardiff still,0
want new nokia colour phone deliv tomorrow free minut mobil free text free camcord repli call,1
im snowboard trip wonder plan get everyon togeth befor goa meet greet kind affair cheer,0
sim watch live,0
see christmassi,0
k im readi ltgt,0
new year plan,0
recpt order rington order process,1
baaaaaaaab wake miss crave need,0
got messag ignor ye shop,0
dear mood cant drive brother drive,0
dad get back,0
tell shola pleas go colleg medicin visit academ depart tell academ secretari current situat ask transfer ask someon check sagamu thing lautech vital complet medic educ nigeria less expens much less expens unless get citizen rate new zealand,0
ye finish watch day live love,0
juz go googl n search qet,0
mani time lose best one bcoz,0
good friend care close friend understand true friend stay forev beyond word beyond time gud ni,0
get back home,0
sorri ill call later ltgt min,0
dun need use dial juz open da browser n surf,0
one regist subscrib u enter draw gb gift voucher repli enter unsubscrib text stop,1
awesom plan get time like ltgt ill text detail wee bit,0
take care sleep wellyou need learn chang lifey need get convinc thati wait convers usget convinc timeyour famili mani sensesrespect overemphasiseor u role life,0
chanc win free bluetooth headset simpli repli back adp,1
also didnt get na hi hi hi hi hi,0
ya cant display intern sub got ta extract,0
said anyth wrong sorri de,0
stupid say challeng godyou dont think write instead respond im,0
yeah abl ill text im readi meet,0
v skint fanci bevieswaz gona go meet othr spoon jst bin watchng planet earthsofa v comfey dont make hav gd night,0
say he quit least time day wudnt take much notic nah didnt mind gon na see want come taunton tonight u tell,0
get free call,0
littl darl far week need coffe run tomoc believ time week alreadi û,0
still west coast haiz ìïll take forev come back,0
mmm fuck merri christma,0
alright thank advic enjoy night ima tri get sleep,0
updat face book statu frequent,0
saw messageit k da,0
someth u ate,0
bank say money,0
aiyar dun disturb u liao thk u lot aft ur cupboard come,0
hey r watch movi tonight ill prob b home earli,0
yar lor u noe u use dat rout,0
mro come gym machan goodnight,0
dont think need yellow card uk travel ask someon gone ltgt buck,0
u look da lib got stuff havent finish yet,0
sound great im go sleep good night,0
dont b floppi b snappi happi gay chat servic photo upload call pmin stop text call,1
come u got noth,0
noth ever easi dont look reason take risk life love,0
want grasp pretti booti,0
ive got tea sure flavour,0
im go orchard lareadi reach soon u reach,0
dear deni word pleas,0
know old dom told yesterday name roger got touch last night want meet today pm,0
come back tampa ffffuuuuuuu,0
celebr båõday els,0
merri christma u anni,0
pleas tell special stock talk,0
sent like,0
awesom minut,0
problem walk around julianaland oblivi go around say thing constantli go one ear go whatev want dont know im upsetit dont listen tell go upset want surpris im mad,0
ive told everyth stop dont let get dehydr,0
guess ltgt min,0
im home ard wat time u reach,0
want mapquest someth look usf dogwood drive,0
aight plan come later tonight,0
die accident delet e msg suppos put e sim archiv haiz sad,0
welcom ukmobiled msg free give free call futur mg bill p daili cancel send go stop,1
wish great day moji told offer alway speechless offer easili go great length behalf stun exam next friday keep touch sorri,0
thank repli today ur visa come r u still buy gucci bag sister thing easi uncl john also bill realli need think make money later sha,0
sorri flake last night shit serious goin roommat tonight,0
said look pretti wif long hair wat thk he cut quit short leh,0
cheer callin babesozi culdnt talkbut wannatel u detail later wenwecan chat properli x,0
hey u still gym,0
much better thank lol,0
noth smsing u n xy lor sorri lor da guy neva c u person sort know u lor u wan meet xy ask bring u along next meet,0
lem know swing pick im free basic time semest,0
wa u effici gee thanx,0
receiv mobil content enjoy,1
abl sleep,0
want explicit sex sec ring cost pmin,1
meet soon princess ttyl,0
ill pick pm go taunton still want come,0
oh outsid player allow play know,0
anyth lor,0
erutupalam thandiyachu,0
cant u tri new invent flyim joke,0
noit ful song lyric,0
u reckon need arrang transport u cant thank,0
true lov n care wil nevr go unrecogn though somon often make mistak valu definitli undrstnd start miss,0
shop eh ger toke abt syd lehhaha,0
stand,0
good weekend,0
miss call miss call khelat kintu opponent miss call dhort lage that rule one great phone receiv qualiti win,0
call get chanc plz lt,0
new deu ex game comin earli next yr,0
comput fri essenti part dont keep spare fuck idiot roommat looovvv leav thing run full ltgt,0
friend she studi warwick weve plan go shop concert tmw may cancel havnt seen age yeah get togeth sometim,0
probabl coupl hour top,0
lol grin im babe thank think,0
man bu slow think your gon na get,0
hope text meet smile let text give reason smile beauti day,0
case wake wonder forgot take care someth grandma today done parad,0
latest nokia mobil ipod mp player å£ proze guarante repli win norcorp ltdå£ mtmsgrcvd,1
sm servic inclus text credit pl goto login qxj unsubscrib stop extra charg help comuk cm ae,1
nvm take ur time,0
wat da decis,0
wot u bitch,0
told hr want post chennaibecaus im work,0
mobil club choos top qualiti item mobil cfca,1
guy leav,0
neva grumbl sad lor hee buy tmr lor aft lunch still meetin lunch tmr neva hear fr lei ìï got lot work ar,0
abl anyth,0
ìï takin linear algebra today,0
weekend fine excus much decor,0
sorri miss babe late slept hope enjoy drive lesson boytoy miss teas kiss,0
project pa come,0
money wine number wot next,1
sure whenev show fuck gt,0
random saw old roomat campu graduat,0
men alway need beauti intellig care love adjust cooper wife law allow one wife,0
suck got plan yo valentin yo valentin arent,0
got part nottingham hr mile good thing love man much mph hey ho,0
think one say clearli ok leav need ask go come,0
hi good mornin thanku wish u,0
u want meet morro,0
actual decid hungri havent left yet v,0
ive sent ì part,0
co shop wif darren ju n call ask wat present wan lor start guess wif n final guess darren lor,0
want cock hubbi away need real man satisfi txt wife string action txt stop end txt rec å£ ea otbox la ws,1
understand loss gain work school,0
u miss u havent much bit bore holiday want go bak colleg sad isnt itxx,0
hiya probabl come home weekend next,0
dont forget though love walk besid watch keep heart warm,0
wish thing differ wonder abl show much valu pl continu brisk walk drug without askin pleas find thing laugh love dearli,0
ok day make dinner tonit invit,0
gr new servic live sex video chat mob see sexiest dirtiest girl live ur phone detail text horni cancel send stop,1
money steve mate,0
im late tellmiss im way,0
normal use drink water daili,0
dare ask luck sort car,0
parti place usf charg contribut way greatli appreci yeah got room one,0
urgh coach hot smell chip fat thank especi duvet predict text word,0
hiya last night ive naughti bought cloth littl readi shop tho kind time wan na meet,0
freemsg hi babi wow got new cam mobi wan na c hot pic fanci chatim w utxt rpli chat hlp msg p rcv,1
ive tri reach without success,0
derek done class,0
never lei v lazi got wat dat day ì send da url cant work one,0
never tri alon take weight tear come ur heart fall ur eye alway rememb stupid friend share bslvyl,0
hey mate spoke mag peopl weû÷r deliv end month deliv th sept talk later,0
haha friend tyler liter ask could get dubsack,0
hey u fanci meetin cha åð hav lil beverag txt ring meet l r quit tire got vpist love pete x x x,0
great safe trip dont panic surrend,0
symptom u love u like listen song u get stop u see name belov u wont get angri,0
sun ah thk mayb dun anythin thk book e lesson e pilat orchard mrt u noe hor,0
tri someth dear read someth exam,0
gettin rdi ship comp,0
hospit da return home even,0
piss talk someon realis u point itnow read backward,0
think da wil,0
im awak oh what,0
good afternoon boytoy goe walk day get polic abstract still wake miss babe,0
much u tri get,0
come around ltdecimalgt pm vikkyim otsid nw il come tht time,0
tell address,0
buy blackberri bold torch buy new use let know plu say buy ltgt g wifi ipad say ltgt g,0
togeth thinkin,0
hiya how go sunni africa hope u r avin good time give big old silver back big kiss,0
time come tomorrow,0
wan na laugh tri chitchat mobil logon txting word chat send cm po box london w zf pmsg rcvd,1
cha quiteamuz thatåõscool babe,0
omg u know ate,0
urgent nd attempt contact uu å£ call b tcsbcm wc n xxcallcost ppmmobilesvari maxå£,1
directli behind abt row behind ì,0
congratul ur award cd voucher gift guarante free entri wkli draw txt music,1
contract mobil mnth latest motorola nokia etc free doubl min text orang tariff text ye callback remov record,1
urgent call landlin complimentari ibiza holiday cash await collect sae tc po box sk wp ppm,1
plan yet,0
hi engag fixd ltgt th next month know realli shock bthmm njan vilikkamt ws al sudn,0
cours math one day one chapter one month finish,0
wow didnt think common take back ur freak unless u chop,0
noooooooo pleas last thing need stress life fair,0
u secret admir look make contact ufind rreveal think ur specialcal stopsmsppm,1
ill see swing bit got thing take care firsg,0
want wish happi new year want talk legal advic gari split person ill make trip ptbo hope everyth good babe love ya,0
finish work yet someth,0
right wasnt phone someon number like,0
ok wun b angri msg u aft come home tonight,0
good time nice someth bit differ weekend chang see ya soon,0
yo sorri shower sup,0
carlo pick ill swing usf littl bit,0
full heat pa appli oil pa,0
im stuck da middl da row da right hand side da lt,0
laid airtel line rest,0
hi u decid wot get bday ill prob ju get voucher frm virgin sumf,0
freemsg txt call claim reward hour talk time use phone subscrib gbpmnth inc hr stoptxtstop,1
hey j r u feel better,0
dont plan stay night prolli wont back til late,0
thanx puttin da fone,0
need th im campu atm could pick hour two,0
oh haha den shld went today gee nvm la kaiez dun mind goin jazz oso scare hiphop open cant catch,0
run manag minut need oxygen might resort roller option,0
live next ltgt min,0
de ask like,0
glad talk,0
wat time ì finish,0
sorri da gone mad mani pend work,0
much got clean,0
how favourit person today r u workin hard couldnt sleep last nite nearli rang u,0
sunshin quiz win super soni dvd record cannam capit australia text mquiz b,1
ìï call dad oredi,0
good think could send pix would love see top bottom,0
nvm im go wear sport shoe anyway im go late leh,0
sorri ill call later meet,0
long fuckin showr,0
receiv understood n act upon,0
final came fix ceil,0
u need presnt alway bcz u cant mi love jeevithathil irulina neekunna prakasamanu sneham prakasam ennal prabha mn prabha islov got dont mi,0
ju finish blow hair u finish dinner alreadi,0
im bu love,0
lol knew saw dollar store,0
today voda number end select receiv å£ reward match pleas call quot claim code standard rate appli,1
saturday sunday holiday difficult,0
everybodi fun even miss,0
got hella ga money want go grand natur adventur galileo littl bit,0
oh wow that gay firmwar updat help,0
wont move morphin,0
come din c ì yup cut hair,0
k k pa lunch aha,0
captain vijaykanth comedi captain tvhe drunken,0
cours guess god got hold right,0
hide anythi keep distanc,0
havent,0
rip get mobil content call polytruepixringtonesgam six download,1
sorri din lock keypad,0
plan come chennai,0
tri contact repli offer video phone anytim network min half price line rental camcord repli call,1
god creat gap btwn ur finger dat sum vri special fill gap hold ur hand plz dont ask creat much gap leg,0
okay go sleep later,0
final happen aftr decad beer cheaper petrol gover expect us drink dont drive,0
å£ xma reward wait comput randomli pick loyal mobil custom receiv å£ reward call,1
r e meet tmr,0
lol ye add spice day,0
prasanth ettan mother pass away last night pray famili,0
k ill work someth,0
privat account statement show unredeem point call identifi code expir,1
messag great doctor india drink appi fizz contain cancer caus age,0
call tell infront call,0
ok prob,0
ladi first genu second k,0
ye pleas swim,0
mum go robinson alreadi,0
ok set let u noe e detail later,0
nottel softwar name,0
send print out da,0
im reali soz imat mum nite moro,0
born god said oh anoth idiot born,0
didnt get ur full msgsometext miss send,0
probabl im almost ga get cash tomorrow,0
custom servic announc recent tri make deliveri unabl pleas call reschedul ref,1
forgot ask ì smth there card da present lei ìï want write smth sign,0
im leav hous,0
hi babe chloe r u smash saturday night great weekend u miss sp visionsmscom text stop stop ptext,1
ìï readi call,0
wewa iriv mb,0
good thing im get connect bw,0
sri dajst nw came home,0
that cool hell night lem know your around,0
stay town,0
haha yeah oz kind shitload,0
ok u take shop u get paid,0
alright well bring see like ltgt min,0
pl dont play other life,0
eatin lunch,0
hmmmbut give one day,0
didnt tri g decid head,0
ok prob,0
surli ill give come review,0
march end readi call sure problem capit never complet far how work ladi,0
pl give food prefer pap slowli load sugar take hour give water slowli,0
urgent mobil award å£ bonu caller prize nd attempt contact call box qu,1
guy get use dumb realiz,0
okey dokey iû÷ll bit sort stuff,0
ye fine,0
like new mobil,0
anytim,0
mmmmmmm snuggl deep content sigh whisper fuck love much bare stand,0
yar say got error,0
hey anyway,0
wow healthi old airport rd lor cant thk anyth els ill b bath dog later,0
wif famili book tour packag,0
say bold torch later one torch bold,0
haha awesom might need take doin tonight,0
ya knw u vl givit ok thank kanoanyway enjoy wit ur famili wit st salari,0
huh slow tot u reach long ago liao u day leh,0
that cool princess cover face hot sticki cum,0
big brotherû÷ realli scrape barrel shower social misfit,0
oop thk dun haf enuff go check tell ì,0
min go lunch,0
hey happen u switch ur cell whole day isnt good u care give call tomorrow,0
k addi amp art ill get home,0
aiyo lesson earli im still sleepin haha oki u go home liao den confirm w lor,0
forgot tell ì smth ì like number section clearer,0
yup anyth lor u dun wan ok,0
im home love still awak love kiss,0
hello peach cake tast lush,0
free game get rayman golf free game arcad st get ur game set repli post save activ press key arcad termsappli,1
therel minor shindig place later tonight interest,0
jason say cool pick place like hour,0
mobil mth updat latest cameravideo phone free keep ur number get extra free minstext text ye call,1
career tel ad u contact indyarockscom send free sm remov phonebook sm ltgt,0
ive reach alreadi,0
dont know ask brother noth problem thing told,0
keng rock ash,0
wat time r ì go xin hostel,0
good morn dear shijutta great amp success day,0
oh kafter placement ah,0
possess especi first offens,0
nt drive even mani reason call bbdtht chikku hw abt dvg coldheard tht vinobanagar violenc hw conditionand hw ru problem,0
bought test yesterday someth let know exact day u ovulatewhen get u wk pl pl dont fret know u r worri pl relax also anyth ur past histori u need tell,0
pizza u want,0
keep see weird shit bein woah realis actual reason im oh,0
mani happi return day wish happi birthday,0
think u x,0
orh tot u say still dun believ,0
put sign choos number pin show right,0
beauti life next second hide thousand secret wish everi second wonder ur life gud n,0
thanx u darlinim cool thanx bday drink nite morrow take care c u soonxxx,0
your still mayb leav credit card get ga get back like told,0
weekli coolmob tone readi download week new tone includ crazi frogaxel f akonlon black eyeddont p info n,1
well boy glad g wast night applebe noth,0
cashbincouk get lot cash weekend dear welcom weekend got biggest best ever cash give away,1
ok lor u wan go look u,0
u wan haf lunch im da canteen,0
dont make life stressful alway find time laugh may add year life sure add life ur year gud ni swt dream,0
hey look like wrong one kappa guy number still phone want text see he around,0
thank continu support question week enter u draw å£ cash name new us presid txt an,1
im home doc gave pain med say everyth fine,0
ì© ardìä rest ard leastwhich ì© price ì© bedrm,0
love night xxx,0
prepar pleasur,0
hitechn supportprovid assist us custom call email,0
text way cup stop work bu,0
when radio show,0
uniqu user id remov send stop custom servic,1
im sure still avail though,0
watev relat u built di world thing remain atlast iz lonlin lotz n lot memori feel,0
cheer lou yeah goodnit shame u neva came c ya gailxx,0
hii got money da,0
ok u tell wat time u come later lor,0
u repeat e instruct wat e road name ur hous,0
quit lor dun tell wait get complac,0
sorri complet forgot pop em round week still,0
u r beauti girl ive ever seen u r babi come c common room,0
cant see join deni mina deni want alon time,0
sen told go join uncl financ cbe,0
yup hey one day fri ask miwa jiayin take leav go karaok,0
call senthil hsbc,0
especi sinc talk boston person statement lol woulda chang realiz said nyc say boston,0
inde way either,0
urgent call landlin complimentari ibiza holiday å£ cash await collect sae tc po box sk wp ppm,1
holi live christ take long,0
ìï thk wat eat tonight,0
thanx yup come back sun finish dinner go back hotel time fli tog exactli mth today hope well haf mani mth come,0
opposit side drop,0
yup izzit still rain heavili co im e mrt cant c outsid,0
send resum,0
gd luck ur exam,0
u ask next sat make im ok lor,0
sorri uncl ill keep touch,0
saw guy doll last night patrick swayz great,0
urgent nd attempt contact u å£ prize yesterday still await collect claim call,1
santa call would littl one like call santa xma eve call book time call ppm last min tc,1
come home dont want u miser,0
dont know she get messag,0
cool tyler take gon na buy drop place later tonight total order quarter got enough,0
guy car shop flirt got phone number paperwork call text im nervou cours may address call boss tell know may get fire,0
plan manag,0
er hello thing didnû÷t quit go plan ûò limp slowli home follow aa exhaust hang,0
sorri delay ye master,0
call u finish come n pick u,0
privat account statement show unredeem bonu point claim call identifi code expir,1
what oga left phone home saw ur messag hope good great weekend,0
dont worri though understand import put place poorli thought punish face worst thing ever happen brb gon na go kill,0
honey pl find much sell predict nigeria mani time use import repli monday,0
e admin build might b slightli earlier ill call u im reach,0
fyi im usf swing room whenev,0
call ltgt min that ok,0
ìï home work meh,0
anyth valuabl situat first get second loos,0
mark take forev pick prescript pain come back,0
how ur paper,0
got smaller capac one quit ex,0
check choos babe video smsshsexnetun fgkslpopw fgkslpo,1
im good think,0
u r winner u ave special select receiv å£ cash holiday flight inc speak live oper claim pmin,1
thought bout drink tap spile seven pub ga st broad st canal ok,0
go sleep tire travel,0
haha thinkin,0
yup give problem mayb ill ju leav,0
lol tri make day littl interest,0
long get repli defer admiss til next semest,0
word checkmat chess come persian phrase shah maat mean king dead goodmorn good day,0
po de need job aha,0
rat hey u ever vote next theme,0
new mobil must go txt nokia collect today å£ optout gbpmtmsg txtauction,1
hope pee burn tonit,0
oh rite well im best mate pete went week geva longer week,0
yay cant wait parti togeth,0
photoshop make comput shut,0
boy made fun today ok problem sent one messag fun,0
that one issu california okay snow manag,0
privat account statement show unredeem point call identifi code expir,1
hmmm mayb tri e shoppin area one forgot e name hotel,0
awesom gon na soon later tonight,0
need detail onlin job,0
valu vodafon custom comput pick win å£ prize collect easi call,1
miss toopray inshah allah,0
pl help tell ashley cant find number oh,0
sthi increas chanc win,0
either way work ltgt year old hope doesnt bother,0
mayb find someth els instead,0
gain right wifedont demand iti tri husband toolet see,0
like new hous,0
im fine hope also,0
also north carolina texa atm would go gre site pay test result sent,0
u,0
ye babi need stretch open pussi,0
thank bomb date phone want say,0
hey guy know breath neck get bud anyway youd abl get half track usf tonight,0
respons one power weapon occupi place other heart,0
nokia phone lovli,0
free messagethank use auction subscript servic pmsgrcvd skip auction txt unsubscrib txt stop customercar,1
sorri datoday wont come playi drive cla,0
im realli sorri lit hair fire,0
oh shit thought trip loooooool make much sens grin sofa refer sleep couch link sent wasnt went trip oh didnt babe go celebr rent,0
okey dokey swashbuckl stuff oh,0
tension face smile face wast face innoc face terror face cruel face romant face lovabl face decent face ltgt joker face,0
dip cell dead come u better respond els shall come back,0
well know mean text,0
hi di yiju would happi work wif ì gek,0
lol oop sorri fun,0
wat happen cruis thing,0
know dat feelin pete wuld get em nuther place nuther time mayb,0
lyricalladi f invit friend repli ye see stop send stop frnd,1
world happiest frnd never charact dey best understand differ,0
yeah open chat click friend list make list easi pie,0
alright tyler got minor crisi home sooner thought asap,0
whenwher pick,0
usual u call ard smth,0
mani thing antibiot use chest abdomen gyna infect even bone infect,0
poor girl cant go one day lmao,0
time,0
pl make note she expos also find school anyon els vomit dog cat hous let know later,0
sound like could lot time spent chastiti devic boy grin take beat like good dog go loung nice long bath,0
wors use half way stop better complet,0
miser dont tell u side effect birth control massiv gut wrench cramp first month didnt sleep last night,0
send new number,0
want latest video handset anytim network min half price line rental repli call deliveri tomorrow,1
half year miss friendship,0
oh fuck sake she like tallahasse,0
haha first person gon na ask,0
ou guarante latest nokia phone gb ipod mp player å£ prize txt word collect ibhltd ldnw h pmtmsgrcvd,1
taka lor wat time u wan come n look us,0
free polyphon rington text super get free poli tone week sn pobox nr zs subscript pw,1
im reach anoth stop,0
didnt mean post wrote like mani time ive ritten stuff let sit feel time angri left hit send stop wasnt check phone got car wasnt said didnt sleep bore wouldnt time clean fold laundri etc least make bed,0
warner villag c colin farrel swat wkend warner villag get free med popcornjust show c tc kiosk repli soni mre film offer,1
come onlin today night,0
anyth special,0
im solihul want anyth,0
good day,0
regret inform u nh made mistakeu never actual bornpleas report yor local hospit b terminatedw r sorri inconveni,0
love holiday monday feel even go dentist hour,0
way tirupur,0
goal arsen henri v liverpool henri score simpl shot yard pass bergkamp give arsen goal margin min,1
youv alreadi got flaki parent itsnot suppos child job support parentnot theyr ride age anyway im suppos support ive hurt unintent hurt nonetheless,0
took hooch walk toaday fell splat graze knee everyth stay home see tomorrow,0
drop em omw back,0
sit mu wait everyon get suit take shower,0
call didnt see facebook huh,0
g say never answer text confirmdeni,0
common hearin r u wat r u ur day let ask u someth differ u smile today gud evng,0
oh yah never cancel leh haha,0
go e normal pilat intro,0
ok let u noe leav hous,0
oh ye like tortur watch england,0
wan na art,0
hope wasnû÷t piss rememb gone sister someth,0
hi sexychat girl wait text text great night chat send stop stop servic,1
good morn boytoy how yummi lip where sexi bun think crave need,0
match startedindia ltgt,0
free call sir,0
hey want anyth buy,0
hey babe how go ever figur go new year,0
kkcongratul,0
g want know fuck,0
cancel yeah babi well sound import understand darlin give ring later fone love kate x,0
tomarrow want got court ltdecimalgt come bu stand,0
ìï go home liao ask dad pick,0
omg make wed chapel frontiervil get good stuff,0
im eatin lor goin back work soon e mountain deer show huh watch b liao nice,0
check maili mail varma kept copi regard membershiptak careinsha allah,0
wrong phone phone answer one assum peopl dont well,0
anyway dont think secur anyth lem know want drive south chill,0
im alreadi back home probabl,0
hi ami send free phone number coupl day give access adult parti,1
bu way calicut,0
hi probabl much fun get messag thought id txt u co im bore jame fart night,0
hi babi im sat bloodi bu mo wont home wan na somethin later call later ortxt back jess xx,0
welcom select servic ad benefit call special train advisor free mobil diall,1
lost pound sinc doc visit last week woot woot im gon na celebr stuf face,0
u come back dinner rite dad ask confirm wif u,0
master buy bb co sale how bf,0
ahhhhjust woken uphad bad dream u thoso dont like u right didnt know anyth comedi night guess im,0
im viveki got call number,0
didnt u call lunch,0
mean left earli check co im work,0
want ltgt rs dado,0
want see pretti pussi,0
dear voucher holder next meal us use follow link pc enjoy dine experi,1
peopl game im mall iouri kaila,0
urgent tri contact u today draw show å£ prize guarante call land line claim valid hr,1
donat å£ unicef asian tsunami disast support fund text donat å£ ad next bill,1
futur plan tomorrow result today best present enjoy futur,0
cme want go ho morow wil cme got dear didnt say time,0
suppos meet discuss abt trip thought xuhui told afternoon thought go lesson,0
hey come onlin use msn,0
im fine hope good take care,0
oop shower u call hey park garag collaps univers hospit see im crazi stuff like happen,0
aiyo u poor thing u dun wan eat u bath alreadi,0
yar tot u knew di would happen long ago alreadi,0
gorgeou keep pix cum thank,0
jade paul didnåõt u txt u rememb barm want talk u txt,0
spend new year brother famili let plan meet next week readi spoil,0
u today,0
said okay sorri,0
slept thinkthi time ltgt pm danger,0
network job,0
goldvik invit friend repli ye see stop send stop frnd,1
dont let studi stress l r,0
that u haf keep busi,0
rush im work im school rush go hungri,0
channel,0
tell coulda real valentin wasnt u never pick noth,0
phoni å£ award today voda number end xxxx select receiv å£ award match pleas call quot claim code standard rate app,1
made eta taunton plan hope thatû÷ still okday good see xx,0
im hungri buy smth home,0
hey kate,0
drive read need write,0
look addi goe back monday suck,0
happi new year hope good semest,0
esplanad lor els,0
talk,0
hmph go head big baller,0
well like actual call someon punto woulda wors,0
nope sinc ayo travel forgotten guy,0
still around look pick later,0
cd u congratul ur award å£ cd gift voucher å£ gift guarante freeentri å£ wkli draw xt music tnc,1
there someon year ltgt toyota camri like mr olayiwola mileag ltgt kit clean need know much sell rais dough soon land sell holla back,0
guess pub im im happi pig clover whatev say,0
ill b soon,0
oh k come tomorrow,0
go fool dont cheat other ok,0
mobil numberpl sm ur mail idconvey regard achanammarakheshqatar,0
way rencontr meet mountain dont,0
guarante å£ cash å£ prize claim yr prize call custom servic repres pm cost p,1
u attend ur drive lesson mani time wk n day,0
uncl g check reward month,0
hello boytoy geeee im miss today like send tm remind im think love love kiss,0
think two still need get cash def readi,0
hey galsu wan na meet dinner nìâte,0
dear xxxxxxx uve invit xchat final attempt contact u txt chat pmsgrcvdhgsuit landsroww j hl ldn yr,1
babe talk think good boy miss love,0
great offic today,0
cool last littl get time soon,0
sad puppi nois,0
ye possibl dint tri pl dont tell one k,0
anyway holla whenev your around need excus go creep peopl sarasota,0
happen,0
gon na ask lol think,0
ur cashbal current pound maxim ur cashin send go pmeg cc hgsuit land roww j hl,1
privat account statement show unredeem sim point call identifi code xx expir,1
go chase run she cross street,0
id like tell deepest darkest fantasi call pmin stop text call nat rate,1
hey inconveni si huh,0
ok vldo u know got adsens approv,0
realli good see day dudett miss,0
want go perumbavoor,0
mani time told stage use laugh listen aha,0
didnt hear,0
thank talk saturday dear cherish brother role model,0
pl clarifi back open return ticket prepon go back kerala,0
natali f invit friend repli ye see stop send stop frnd,1
ran younger man make pretti babi togeth,0
jamster get free wallpap text heart tc appli need help call,1
ic lol play door sometim yo,0
dunno dad said come home bring us lunch yup go w u lor call u reach school lor,0
desir u go doctor liver get bit stylish get ur hair manag that,0
hmmmstill dont open,0
yeah basic time next week get away mom amp get,0
vote wherev heart guid,0
si lor juz watch italian job,0
tick tick tick could die loneli know pout stomp feet need,0
lmao know well,0
train back northampton im afraid im stay skyve today ho ho around wednesday though fanci comedi club week way,0
goodnight da thangam realli miss u dear,0
hey next sun there basic yoga cours bugi go pilat intro next sat tell time r free,0
geeeee internet realli bad today eh,0
free video camera phone half price line rental mth cross ntwk min txt call mobileupd call optout,1
think disturb da,0
sorri ill call later meet sir,0
havent stuck orchard dad car go dinner u leh r free tonight,0
ok also wan watch e pm show,0
dunno lei like dun haf,0
brother transfer ltgt ltgt pa,0
call later afternoon onword mtnl servic get problem south mumbai hear cannt listen,0
å£ uk break accommodationvouch term condit appli claim mustprovid claim number,1
talk g x,0
hai dear friend new amp present number rajitha raj ranju,0
p alfi moon children need song ur mob tell ur txt tone chariti nokia poli chariti poli zed profit chariti,1
differ style,0
win å£ shop spree everi week start play text store skilgm tsc winawk age å£ perweeksub,1
gud ni dearslp welltak careswt dreamsmuah,0
nd attempt contract u week top prize either å£ cash å£ prize call,1
well im glad didnt find total disagre lol,0
guy flash go call call madam take care oh,0
want new nokia colour phone deliveredtomorrow free minut mobil free text free camcord repli call,1
mark work tomorrow get work hous meet u afterward,0
keep ur problem ur heart,0
yeah give call youv got minut,0
hi babe uawakefeellikw shitjustfound via alett thatmum gotmarri thnovbehind ourback åð fuckinniceselfish,0
amaz rearrang letter give mean dormitori dirti room astronom moon starer eye see elect result lie let recount motherinlaw woman hitler eleven plu two twelv plu one amaz,0
aiya discuss later lar pick ì,0
hey happi birthday,0
sorri miss call pleas call back,0
omg one thing anoth cat worm bad day end,0
good morn im suffer fever dysentri abl come offic today,0
wont anyth de,0
type stuff sing,0
st andr virgil cream,0
fri ah oki lorgoin drivin den go shoppin tt,0
gokila talk aha,0
hi shanilrakhesh herethanksi exchang uncut diamond stuffleav back excel servic dino prem,0
kkthi month kote birthday know,0
im realli realli broke oh amount small even ltgt,0
sorri mate phone didnt write love kate,0
themobhit link get premium pink panther game new sugabab crazi zebra anim badass hoodi wallpaperal free,1
ah well confus thing doesnt thought friend mayb wrong thing alreadi sort invit tho may come co money,0
aight call your close,0
nope that fine might nap tho,0
msg mobil content order resent previou attempt fail due network error queri,1
news hassl get weed week andr money haughaighgtujhyguj,0
ding ya break fassyol blacko londn,0
realli need kiss u miss u babi ur babi eva,0
oh got mani respons,0
new messag pleas call,1
ive reach sch alreadi,0
decemb mobil mth entitl updat latest colour camera mobil free call mobil updat vco free,1
u definit need modul e human di sem izzit u wan take modul st,0
argh fuck nobodi town,0
get lion england tone repli lionm mono lionp poli go origin n best tone gbp network oper rate appli,1
thank fill complet calm reassur,0
aslamalaikkuminsha allah tohar beeen muht albi mufti mahfuuzmean,0
drive train,0
lol real told dad cancer,0
privat account statement,1
oop ltgt,0
enufcredeit tocallshal ileav uni get bu yor hous,0
hi chikku send nice msg,0
imposs argu alway treat like sub like never releas remind necessari,0
work ah den plu lor u workin oso rite den go orchard lor place go liao,0
wonder okor great month cherish guy wish well day mojibiola,0
cuz ibor wan na studi,0
wot wed nite til,0
way,0
suck ill go u hair youll free right,0
still work time also tri ad zero save check ltgt,0
hmm dunno leh mayb bag goigng dat small ju anyth except perfum smth dat keep,0
sday joinedso train start today,0
sorri grocer,0
nice pub near franki n benni near warner cinema,0
costa del sol holiday å£ await collect call toclaim sae tc pobox stockport sk xh costå£ pm max min,1
yup havent want go yoga call book,0
oh shut omg yesterday dream kid boy piss kid boy even told mark dream chang diaper caus im get owe face,0
yeah imagin would realli gentl unlik doc treat patient like turkey,0
start dont stop pray good idea anyth see help guy ill forward link,0
hi darlin im helen fone im gon na b princ nite pleas come tb love kate,0
im offic dawher,0
aiyar u poor thing give u support k jia ill think u,0
oh unintent bad time great finger train play along give fifteen min warn,0
get garden readi summer free select summer bulb seed worth å£ scotsman saturday stop go notxtcouk,1
kthen come wenev u lik come also tel vikki come get free time,0
pl call da happen,0
happi new year u ur familymay new year bring happi stabil tranquil ur vibrant colour life,0
problem renew ill right away dont know detail,0
idk im sit stop shop park lot right bawl eye feel like im failur everyth nobodi want feel like im fail,0
havent left yet probabl gon na til dinner,0
like ltgt question,0
new year eve ok went parti boyfriend si hey,0
sir need velusami sir date birth compani bank facil detail,0
k k sm chat,0
come karnan car pleas wait till pm directli goto doctor,0
bluray player,0
ok r meet later,0
lol need cash nitro hurri come crash,0
send text well skype later,0
ok leav need ask,0
ìï still got lesson ìï sch,0
dun believ leh tot told true alreadi thk muz c us tog believ,0
oh charg camera,0
iû÷v got salt rub open wound like,0
im go lunch,0
im school n ill da lab stuff give call ì r done,0
aight text tonight well see what,0
u,0
water log desert geoenvironment implic,0
strang watch nd one im bed sweet dream miss u,0
sm auction brand new nokia auction today auction free join take part txt nokia,1
hi hope u r ok said would text hasnt u seen let gentli pleas,0
babe fuck love know fuck good hear voic need crave cant get enough ador ahmad kiss,0
k sure rel home sm de pl,0
fuuuuck need stop sleepin sup,0
im town ill ju take mrt later,0
cook rather nice salmon la,0
upload mine facebook,0
time u wrkin,0
ree entri weekli comp chanc win ipod txt pod get entri std txt rate tc appli detail,1
record indic u mayb entitl pound compens accid claim free repli claim msg stop txt stop,1
oh oh den muz chang plan liao go back yan jiu,0
wyli tampa sarasota,0
ok take ur time n enjoy ur dinner,0
darren say dat u meet da ge den dun meet dinner co later u leav xy feel awkward den u meet lunch lor,0
spook mob halloween collect logo pic messag plu free eeri tone txt card spook zed p per logop,1
like cheap iû÷m happi splash wine make feel better,0
she fine difficulti phone work mine pl send anoth friend request,0
ugh leg hurt musta overdid mon,0
call germani penc per minut call fix line via access number prepay direct access,1
wot student discount u get book,0
come get b quit diff guess rite,0
mobil mth updat free orang latest colour camera mobil unlimit weekend call call mobil upd freefon stoptxt,1
babe im answer cant see mayb youd better reboot ym got photo great,0
hiwhat think match,0
know thinkin malaria relax children cant handl malaria would wors gastroenter take enough replac loss temp reduc give malaria med vomit self limit ill mean day complet stop,0
dai download exe file run exe instal,0
yesterday true true,0
kkhow busi,0
pa select,0
well that nice bad cant eat,0
accident brought em home box,0
pl need dat slowli vomit,0
take exam march,0
jane babe goin wrk feel ill lst nite fone alreadi cover chuck,0
nightsw nt stay port step liaotoo ex,0
die want u stuff,0
oh fuck juswok bed boatin dock slept wid year old spinout giv u da gossip l r xxx,0
remet alex nichol middl school turn he deal,0
privat account statement fone show unredeem point call identifi code expir,1
mean u could keep ur word,0
nope im still market,0
realis busi guy im tri bother get exam outta way tri car gr day,0
hey project start aha da,0
ok cool see ya,0
uworld site buy qbank buy self assess also,0
someonon know tri contact via date servic find could call mobil landlin box sk ch,1
yeah still give ride,0
jay want work first how sound,0
gud gudk chikku tke care sleep well gud nyt,0
hmm think lor,0
cours dont teas know simpli must see grin keep post prey love smile devour kiss,0
thank temal wonder thank great week,0
thank princess want see nice juici booti,0
havent eaten day im sit stare juici pizza cant eat med ruin life,0
u come n search tat vidnot finishd,0
k im leav soon littl,0
urgent pleas call landlin å£ cash holiday await collect cs sae po box xy,1
yeah work fine start last week stuff dull easi guy fun,0
studi alon without anyon help cant need studi,0
pleas tell car key purs,0
didnt get anyth da,0
ok sweet dream,0
well she big surpris,0
cbe chennai,0
help u swoop pick u wherev ur bird r meet u want,0
anyon call treadmil say youll buy make sure work found ad craigslist sell ltgt,0
absolut love south park recent start watch offic,0
see film,0
pl speak wont ask anyth friendship,0
gud ni swt drmstake care,0
hi darlin kate u doin somethin tonight im go pub call swan someth parent one drink phone u,0
anyth lar ì go home dinner,0
er,0
dont prize go anoth custom tc pmin polo ltd suit london w j hl pleas call back busi,1
u fix teethif asapok take care,0
u wan come dinner tonight,0
hellohow u doingwhat u u b move flat co need arrang pick lamp etc take care hello carolin,0
latebut kwish,0
hi hope ur day good back walk tabl book half eight let know ur come,0
oh yeah clearli fault,0
dunno leh cant rememb mayb lor wat time r meet tmr,0
best msg hard person u know one step foward make u fall love amp one step back ruin ur friendship good night,0
urgent mobil number award å£ prize guarante call land line claim valid hr ppm,1
vikki come around lttimegt,0
princess,0
gone get info bt dont know,0
yeah probabl,0
im still pretti weak today bad day,0
hey dont forget mine possess properti mmm childish smile,0
excel thought misundrstud frnd knw u hate bt day wen ull knw truth ull hate urself gn,0
hey congrat u id luv ive go home,0
dear call,0
xy tri smth u eat alreadi havent,0
urgent pleas call landlin å£ cash luxuri canari island holiday await collect tc sae po box xy ppm,1
donno gene someth,0
xma iscom ur award either å£ cd gift voucher free entri r å£ weekli draw txt music tnc,1
alex say he ok ok,0
u come funer home,0
darl sister when school resum minimum wait period reappli take care,0
ill hand phone chat wit u,0
well good morn mr how london treatin ya treacl,0
cant make tonight,0
ltgt buck bank fee fix better call bank find,0
tell quit long co havent finish film yet,0
pl ask macho much budget bb bold co saw new one ltgt dollar,0
hi miss call mumha beendrop red wine theplac adress,0
ill min look,0
leav,0
im come back thursday yay gon na ok get money cheer oh yeah everyth alright how school call work,0
jolli good way give u ticket sat eve speak x,0
yeah that think,0
kkim go tirunelvali week see uncl alreadi spend amount take dress want moneyi give feb,0
got ur favorit oyster n got favorit sashimi ok lar dun say alreadi wait ur stomach start rumbl,0
sister go earn da,0
ju finish watch tv u,0
k fyi im back parent place south tampa might need deal somewher els,0
good morn love go sleep wish great day full feel better opportun last thought babe love kiss,0
kothi print marandratha,0
havent got da topic yet rite,0
ok problem yup im go sch rem correctli,0
thank ill keep mind,0
aah bless how arm,0
dear sirsalam alaikkumprid pleasur meet today tea shopw pleas send contact number qatarrakhesh indianpl save numberrespect regard,0
gal n boy walk park galcan hold ur hand boyi u think would run away galno jst wana c feel walk heaven princegn,0
make happi,0
wish wonder week,0
sweet heart,0
sir wait letter,0
dude im longer pisc im aquariu,0
x cours yr messag messeng lik r send,0
think steyn sure get one wicket,0
neither sterm voic im studi fine sure thing resolv tho anyway fab hol,0
garbag bag egg jam bread hannaford wheat chex,0
pride im almost ltgt year old shouldnt takin money kid your suppos deal stuff grownup stuffwhi dont tell,0
sound better even im costum im sure time finish tomorrow txt end,0
birthday feb ltgt da,0
wan na gym,0
youd like wouldnt jerk,0
u awak snow,0
cours make stink,0
u r subscrib textcomp wkli comp st wk free question follow subsequ wk unsubscrib txt stop custcar,1
go open room til thanksgiv without upcharg,0
guy plan come,0
wat ì,0
sir that hr trip bu last week anoth audit next wednesday think might drive time,0
thought put back box,0
im home,0
one interest may busi plan,0
yup paragon havent decid whether cut yet hee,0
good morn princess great day,0
guai ìï shd haf seen he naughti ìï free today go jog,0
aiyo co sm ì ì neva repli wait ì repli lar tot ì havent finish ur lab wat,0
live simpl love also simpl laugh simpl win tooo simpl simpl difficult,0
tell someth that okay,0
hmm shall bring bottl wine keep us amus joke ill still bring bottl red white see tomorrow,0
ur face test ltgt select number tell ur face astrolog wait quick repli,0
hey iouri gave number im wyli ryan friend,0
yep get program your slack,0
im insid officestil fill formsdon know leav,0
think mentor percent sure,0
call send girl erot ecstaci pmin stop text call nat rate,1
å£ xma reward wait comput randomli pick loyal mobil custom receiv å£ reward call,1
tri figur im suppos see coupl differ peopl week said wed get togeth didnt set date,0
import messag final contact attempt import messag wait custom claim dept expir call,1
hi mom might back later ltgt,0
datingi two start sent text talk sport radio last week connect think coincid,1
lol oh got friend dog,0
ok problem u frm wat matter,0
k ill head min see,0
dont want leav im bare stay sane fight constantli isnt help,0
current lead bid paus auction send custom care,1
free entri gr prize wkli comp chanc win latest nokia psp å£ cash everi wktxt great,1
somebodi set websit play hold em use eve onlin spacebuck,0
sunni california weather cool,0
new messag call,1
make squeez ltgt buck dad,0
good day toopray meremov teeth pain maintain stuff,0
babe hope ok shit night sleep fell asleep iåõm knacker iåõm dread work tonight thou upto tonight x,0
friend help us problem give stupid suggest land us anoth problem help us forgt previou problem,0
gentl babi soon take ltgt inch deep insid tight pussi,0
much fight good nite,0
nt joke serious told,0
watch ajith film ah,0
ooooooh forgot tell u get yovil phone,0
done hand dont know mega shop asda count celebr that im,0
dont know exactli could ask chechi,0
dunno lei shd b drive lor co go sch hr oni,0
want custom offic discount oh,0
that necessarili respect,0
hi hope good day better night,0
he appar bff carli quick,0
hard true much show amp express love someonethat much hurt leav get seperatedö´óû¬ud even,0
babe think got ur brolli left english wil bring mrw u luv franxx,0
hi babe thank come even though didnt go welli want bed hope see soon love kiss xxx,0
gd got free ice cream oso wan,0
pl give prometazin syrup ml ltgt min later feed,0
mani day sinc,0
dear angri busi dear,0
yup msg tat yiju tot group mate co meet today mah im askin ì leav earlier wat mah co mayb ì haf walk v far,0
pub,0
first time everyth,0
daddi shu shu look u u wan tell ure singapor wat,0
ask u meet da ge tmr nite,0
gr handl victoria island traffic plu when album due,0
nite nite pocay wocay luv u n e thing eva promis ring u morrowxxxx,0
east coast,0
get chicken broth want ramen unless there dont know,0
slave want take pictur today bright light cell phone bright light,0
nope forgot show next week,0
realli how master,0
im bruce amp fowler im mom car cant park long stori,0
dont know oh hope month,0
hi elain today meet confirm,0
ok ksri knw sivatat askd,0
u horribl gal u knew dat go wif yest n u still come n ask,0
oh yeah diet flew window,0
santa call would littl one like call santa xma eve call book time,1
didnt complet gist oh,0
er yeah b sorri tell pubcaf sit come wen u,0
make time tonight whenev cool text whenev your around,0
wasnt pay attent,0
thanx lot ur help,0
your gon na way specif,0
jesu armand realli tri tell everybodi find,0
im wif buy tix lar,0
mode men left,0
slow use biola fne,0
youdo later sar xxx,0
hey ive book lesson sun liao,0
thank gener date brotha,0
way make sure u get train worc foreg street shrub hill fun night x,0
thought id get watch co that kind thing u get th love much,0
guarante award mayb even å£ cash claim ur award call free legitimat efreefon number wat u think,1
good morn repair shopth reason im hour,0
that fine got enough bud last night least,0
back good journey let know need receipt shall tell like pendent,0
take away money worri,0
aight pick open tonight,0
latest news polic station toilet stolen cop noth go,1
sac need carri,0
sing hu think also import find someon femal know place well prefer citizen also smart help navig even thing like choos phone plan requir guidanc doubt ask especi girl,0
hello wat talk email address,0
except there chick huge boob,0
im wonder right,0
wish beauti day moment reveal even thing keep smile enjoy,0
sparkl shop break per person call visit,1
hear loud scream ltgt minut caus gyno shove thing dont belong,0
ok thk got u wan come wat,0
txt call claim reward hour talk time use phone subscrib gbpmnth inc hr stoptxtstop,1
u goin nite,0
treasur everi moment spend togeth,0
shall bring us bottl wine keep us amus joke iû÷ll bring one anyway,0
widelivecomindex wmlid ad afirsttrueåác c ringtoneåá,1
urgent last weekend draw show å£ cash spanish holiday call claim tc rstm sw ss ppm,1
thought slide enough,0
well obvious peopl cool colleg life went home,0
ok lor ì reach messag,0
where mummi boy good bad posit neg mummi made wait hmmmm,0
dhoni luck win big titleso win,0
ye princess want pleas everi night wish command,0
probabl ltgt,0
realli hope work doesnt get stress gr day,0
seen who back holbi,0
shall call dear food,0
urgent tri contact last weekend draw show u å£ prize guarante call claim code k valid hr p pm,1
li hai bore da lectur repeat last week stuff wast time,0
pick variou point go yeovil motor project hour u take home max easi,0
also fuck famili go rhode island wherev fuck leav alon week new bong gt,0
ofcours also upload song,0
p per min call germani bt line p per min check planettalkinstantcom info ts cs text stop opt,1
oh thank loti alreadi bought egg,0
u studi sch go home anyway ill b go sch later,0
marvel mobil play offici ultim spiderman game å£ ur mobil right text spider game send u free ball wallpap,1
think rule tamilnaduthen tough peopl,0
cool shall go see go tip anyway home got someth drop later let go town tonight mayb mum take us,0
good afternoon love goe day sleep hope well boytoy think,0
ye trust u buy new stuff asap tri,0
wake gt,0
get step outta way congrat,0
love one law make happi person love way friendship one law never make ur friend feel alon aliv gud night,0
privat account statement show unredeem point call identifi code expir,1
apo mokka player,0
perhap much easi give account identif tomorrow uni,0
wait msg ltgt min,0
told tell stupid hear wont tell anyth dad call brother spoken,0
god love limit god grace measur god power boundari may u god endless bless alway ur life gud ni,0
want insid everi night,0
machan go gym tomorrow wil come late goodnight,0
lol mad first woke gave,0
itû÷ reassur crazi world,0
make dinner,0
ye pleas leav ltgt ltgt leav,0
oh oki lorw go sat,0
great role model give much realli wish day miracl god reason everyth must say wish knew dont ive look sinc young still great day,0
ya im referin mei ex wat ah waitin u treat somebodi shld b rich liaoso gd den u dun work frm tmr onward,0
mile smile r made frm letter u know differ smile ur face keep happi even though mile away u keep smile good nyt,0
way ive put skip right outsid front hous see hous pull,0
pl send compani name saibaba colani,0
dont want hear anyth,0
big chic common declar,0
that cool want pleas,0
go join tomorrow,0
want tell bad feel basic time text late need drug,0
privat account statement show unredeem sim point call identifi code expir,1
total disappoint text craziest shit got,0
effect irrit ignor,0
one,0
think tantrum finish yeah ill point,0
compliment away system side,0
happen adventur,0
hey chief give bell get need talk royal visit st june,0
ok anoth number,0
aiyah ok wat long got improv alreadi wat,0
want explicit sex sec ring cost pmin gsex pobox wc n xx,1
cant believ attach see everi day know best get babe go teach class midnight,0
ask mobil chatlin inclu free min india cust serv sed ye l er got mega bill dont giv shit bailiff due day å£ want å£,1
yeah ju rite,0
armand say get ass epsilon,0
u still havent got urself jacket ah,0
im take derek amp taylor walmart im back time your done leav mous desk ill text priscilla readi,0
hi durban still number,0
ic lotta childporn car,0
contract mobil mnth latest motorola nokia etc free doubl min text orang tariff text ye callback remov record,1
tri weekend v,0
know wot peopl wear shirt jumper hat belt know r cribb,0
cool time think get,0
wen get spiritu deep that great,0
safe trip nigeria wish happi soon compani share moment,0
well keep mind ive got enough ga one round trip bar sudden influx cash,0
yeh indian nice tho kane bit shud go drink sometim soon mite hav go da work laugh soon love pete x x,0
ye that u text pshewmiss much,0
meant calcul ltgt unit ltgt school realli expens start practic accent import decid year dental school youll nmde exam,0
arent next ltgt hour imma flip shit,0
anyth lor juz us lor,0
get dump heap mom decid come low bore,0
ok lor soni ericsson salesman ask shuhui say quit gd use consid,0
ard like dat lor,0
dont wait til least wednesday see get,0
huh lei,0
remind get pound free call credit detail great offer pl repli text valid name hous postcod,1
nd time tri contact u u å£ pound prize claim easi call p per minut btnationalr,1
ì b go esplanad fr home,0
piti mood soani suggest,0
guy bitch act like id interest buy someth els next week gave us free,0
rofl true name,0
